candidate_id,epoch_label,filter,filename,dataURI,mjd,detector,x_full,y_full,raw_flux,raw_fluxerr,raw_snr_err,empirical_ap_sigma,raw_snr_emp,n_blank_apertures,clean_flux,clean_fluxerr,clean_snr_err,x_2dg,y_2dg,x_com,y_com,sigma_x_pix,sigma_y_pix,n_mc_good,pixel_scale_mas,east_2dg_arcsec_raw_wcs,north_2dg_arcsec_raw_wcs,east_com_arcsec_raw_wcs,north_com_arcsec_raw_wcs,dq_or_r4,dq_center,dq_do_not_use,dq_saturated,dq_jump_det,dq_outlier,pair_attempt_rank
835615,early,F444W,jw01727066001_04101_00003_nrcblong_cal.fits,mast:JWST/product/jw01727066001_04101_00003_nrcblong_cal.fits,60315.26768207176,NRCBLONG,501.7583160482549,898.4194616094812,0.42870818078517914,0.09833093246867804,4.359850659625731,0.14561631883978843,2.94409434465142,60,,,,,,202.612794692142,198.34130917191882,,,0,63.29480044583402,,,0.05134820659032107,-0.2170677871063705,4103,6,True,True,True,False,1
835615,early,F444W,jw01727066001_04101_00004_nrcblong_cal.fits,mast:JWST/product/jw01727066001_04101_00004_nrcblong_cal.fits,60315.271782800926,NRCBLONG,505.3053110922535,803.9094185239849,-0.2852936238050461,0.09405477558275421,-3.033271006574569,0.0967919124573469,-2.9474944400005096,60,-0.2852936238050461,0.09405477558275421,-3.033271006574569,,,202.5262701972429,198.4836731822451,,,0,63.377535184873636,,,0.02875183692727091,-0.16439077069500052,32768,0,False,False,False,False,1
835615,late,F356W,jw05893016008_05101_00002_nrcalong_cal.fits,mast:JWST/product/jw05893016008_05101_00002_nrcalong_cal.fits,60812.79928248843,NRCALONG,60.95187203071398,171.8241664416813,-0.024728640913963318,0.05897063392482195,-0.4193382242674947,0.06478638109490276,-0.3816950491144027,60,-0.02864830195903778,0.0492154149385237,-0.5821001813115493,,,58.587257656900256,173.26482276416905,,,0,63.71486767348517,,,0.037437918330233196,-0.17172282929366642,4101,1,True,False,True,False,1
835615,late,F356W,jw05893012005_03101_00001_nrcblong_cal.fits,mast:JWST/product/jw05893012005_03101_00001_nrcblong_cal.fits,60817.40062836806,NRCBLONG,1818.0966831506748,156.46326923511276,-0.14390604197978973,0.06570126065883757,-2.190308687180917,0.0653516443401575,-2.2020263366404977,60,-0.14781655371189117,0.06570126065883757,-2.2498282716285773,,,198.02874230887628,158.01467715231763,,,0,63.81947567816927,,,0.046619993307481684,-0.15846957952208904,32768,0,False,False,False,False,1
835615,late,F356W,jw05893012005_05101_00002_nrcblong_cal.fits,mast:JWST/product/jw05893012005_05101_00002_nrcblong_cal.fits,60817.41218539352,NRCBLONG,1943.4071103377705,190.32564933473736,-0.17938083410263062,0.060519219485525334,-2.9640308587511437,0.07715653026401996,-2.324895034662807,60,-0.1805846095085144,0.060519219485525334,-2.983921654040923,,,197.05704515469398,191.98694581175752,,,0,63.79652966127438,,,0.024201322660667268,-0.23737024655500932,1103873,0,True,False,False,False,1
835615,late,F356W,jw05893012005_05101_00001_nrcblong_cal.fits,mast:JWST/product/jw05893012005_05101_00001_nrcblong_cal.fits,60817.40746318287,NRCBLONG,1565.7589724270674,193.9952567849108,-0.0884883850812912,0.06161017806762125,-1.436262446509558,0.062582652528584,-1.4139443041484223,60,-0.09924031794071198,0.06161017806762125,-1.6107779761939522,,,196.95499932952706,196.46654212454393,,,0,63.75751639708231,,,0.08572853413436311,-0.22251460957409475,4097,0,True,False,False,False,1
835615,early,F444W,jw01727066001_04101_00003_nrcblong_cal.fits,mast:JWST/product/jw01727066001_04101_00003_nrcblong_cal.fits,60315.26768207176,NRCBLONG,501.7583160482549,898.4194616094812,0.42870818078517914,0.09833093246867804,4.359850659625731,0.14561631883978843,2.94409434465142,60,,,,,,202.612794692142,198.34130917191882,,,0,63.29480044583402,,,0.05134820659032107,-0.2170677871063705,4103,6,True,True,True,False,2
835615,early,F444W,jw01727066001_04101_00004_nrcblong_cal.fits,mast:JWST/product/jw01727066001_04101_00004_nrcblong_cal.fits,60315.271782800926,NRCBLONG,505.3053110922535,803.9094185239849,-0.2852936238050461,0.09405477558275421,-3.033271006574569,0.0967919124573469,-2.9474944400005096,60,-0.2852936238050461,0.09405477558275421,-3.033271006574569,,,202.5262701972429,198.4836731822451,,,0,63.377535184873636,,,0.02875183692727091,-0.16439077069500052,32768,0,False,False,False,False,2
835615,late,F200W,jw05893012005_02101_00001_nrcb2_cal.fits,mast:JWST/product/jw05893012005_02101_00001_nrcb2_cal.fits,60817.37005803241,NRCB2,1159.446203603953,680.6063745448322,-0.18887092173099518,0.2142206447851768,-0.8816653591926089,0.21988393941074608,-0.8589573310226256,60,-0.14484290778636932,0.2142206447851768,-0.6761388844274073,,,200.6530167562727,200.79257585208543,,,0,31.27994643811642,,,0.03705880734285895,-0.00728137867125404,0,0,False,False,False,False,2
835615,late,F200W,jw05893012005_02101_00002_nrcb2_cal.fits,mast:JWST/product/jw05893012005_02101_00002_nrcb2_cal.fits,60817.37465579861,NRCB2,1196.4330154606341,734.108854036424,-0.09592430293560028,0.20299619945110964,-0.47254235889624646,0.23526482162922618,-0.4077290530361379,60,-0.11558304727077484,0.20299619945110964,-0.5693852770805805,,,200.14348881086227,199.6066751485305,,,0,31.265550866130855,,,-0.01791936818573162,-0.002798865005642858,0,0,False,False,False,False,2
835615,late,F200W,jw05893012005_02101_00003_nrcb2_cal.fits,mast:JWST/product/jw05893012005_02101_00003_nrcb2_cal.fits,60817.379378020836,NRCB2,1344.5780158604223,490.58688909926025,0.1806889772415161,0.27069816960989784,0.6674924233950542,0.30257154940366743,0.5971776844109521,60,-0.16590774059295654,0.18719747709329115,-0.8862712423751057,202.72543195847723,200.81780062584807,199.10709972041835,199.65616915264525,1.253479376111204,0.8083892762993885,29,31.33224400930139,0.07114734609827436,0.07792390375146059,-0.003208355253467703,-0.014516809213604476,32773,0,True,False,True,False,2
835615,late,F200W,jw05893012005_02101_00004_nrcb2_cal.fits,mast:JWST/product/jw05893012005_02101_00004_nrcb2_cal.fits,60817.38397653935,NRCB2,1381.614269217944,543.9970115361946,-0.03332526981830597,0.20013381658459334,-0.16651493679090418,0.2209265489503741,-0.15084321000185313,60,-0.03508807718753815,0.20013381658459334,-0.17532308025868773,202.84102010599386,201.64324716981042,199.33156255392774,199.80590998587192,,,0,31.31776264207164,0.08418231942590529,0.07551764695225699,-0.008750528191146823,-0.006083593288165188,0,0,False,False,False,False,2
835615,early,F277W,jw01727066001_02101_00004_nrcblong_cal.fits,mast:JWST/product/jw01727066001_02101_00004_nrcblong_cal.fits,60315.2476746875,NRCBLONG,505.1885251116501,803.5289747892668,-0.12585483491420746,0.07306741335209928,-1.7224482042047211,0.0996549629241228,-1.26290584253223,60,-0.016880840063095093,0.06959837405932295,-0.2425464716849063,,,201.41410905354897,198.90641487248655,,,0,63.37337375176996,,,0.006250721746003616,-0.08668030568651261,32772,0,False,False,True,False,3
835615,early,F277W,jw01727066001_02101_00003_nrcblong_cal.fits,mast:JWST/product/jw01727066001_02101_00003_nrcblong_cal.fits,60315.24369765046,NRCBLONG,501.64119182928124,898.0477024100311,-0.3250786364078522,0.06962779534156498,-4.668805536828384,0.11635297560989856,-2.7939004972056476,60,-0.31036991626024246,0.06798982154289447,-4.564946770222532,,,202.60242325249828,198.77372156978385,,,0,63.29051723250991,,,0.001692299928366572,-0.20353574563941515,4101,0,True,False,True,False,3
835615,late,F356W,jw05893016008_05101_00002_nrcalong_cal.fits,mast:JWST/product/jw05893016008_05101_00002_nrcalong_cal.fits,60812.79928248843,NRCALONG,60.95187203071398,171.8241664416813,-0.024728640913963318,0.05897063392482195,-0.4193382242674947,0.06478638109490276,-0.3816950491144027,60,-0.02864830195903778,0.0492154149385237,-0.5821001813115493,,,58.587257656900256,173.26482276416905,,,0,63.71486767348517,,,0.037437918330233196,-0.17172282929366642,4101,1,True,False,True,False,3
835615,late,F356W,jw05893012005_03101_00001_nrcblong_cal.fits,mast:JWST/product/jw05893012005_03101_00001_nrcblong_cal.fits,60817.40062836806,NRCBLONG,1818.0966831506748,156.46326923511276,-0.14390604197978973,0.06570126065883757,-2.190308687180917,0.0653516443401575,-2.2020263366404977,60,-0.14781655371189117,0.06570126065883757,-2.2498282716285773,,,198.02874230887628,158.01467715231763,,,0,63.81947567816927,,,0.046619993307481684,-0.15846957952208904,32768,0,False,False,False,False,3
835615,late,F356W,jw05893012005_05101_00002_nrcblong_cal.fits,mast:JWST/product/jw05893012005_05101_00002_nrcblong_cal.fits,60817.41218539352,NRCBLONG,1943.4071103377705,190.32564933473736,-0.17938083410263062,0.060519219485525334,-2.9640308587511437,0.07715653026401996,-2.324895034662807,60,-0.1805846095085144,0.060519219485525334,-2.983921654040923,,,197.05704515469398,191.98694581175752,,,0,63.79652966127438,,,0.024201322660667268,-0.23737024655500932,1103873,0,True,False,False,False,3
835615,late,F356W,jw05893012005_05101_00001_nrcblong_cal.fits,mast:JWST/product/jw05893012005_05101_00001_nrcblong_cal.fits,60817.40746318287,NRCBLONG,1565.7589724270674,193.9952567849108,-0.0884883850812912,0.06161017806762125,-1.436262446509558,0.062582652528584,-1.4139443041484223,60,-0.09924031794071198,0.06161017806762125,-1.6107779761939522,,,196.95499932952706,196.46654212454393,,,0,63.75751639708231,,,0.08572853413436311,-0.22251460957409475,4097,0,True,False,False,False,3
835615,early,F444W,jw01727066001_04101_00003_nrcblong_cal.fits,mast:JWST/product/jw01727066001_04101_00003_nrcblong_cal.fits,60315.26768207176,NRCBLONG,501.7583160482549,898.4194616094812,0.42870818078517914,0.09833093246867804,4.359850659625731,0.14561631883978843,2.94409434465142,60,,,,,,202.612794692142,198.34130917191882,,,0,63.29480044583402,,,0.05134820659032107,-0.2170677871063705,4103,6,True,True,True,False,4
835615,early,F444W,jw01727066001_04101_00004_nrcblong_cal.fits,mast:JWST/product/jw01727066001_04101_00004_nrcblong_cal.fits,60315.271782800926,NRCBLONG,505.3053110922535,803.9094185239849,-0.2852936238050461,0.09405477558275421,-3.033271006574569,0.0967919124573469,-2.9474944400005096,60,-0.2852936238050461,0.09405477558275421,-3.033271006574569,,,202.5262701972429,198.4836731822451,,,0,63.377535184873636,,,0.02875183692727091,-0.16439077069500052,32768,0,False,False,False,False,4
835615,late,F115W,jw05893016008_05101_00002_nrca1_cal.fits,mast:JWST/product/jw05893016008_05101_00002_nrca1_cal.fits,60812.79928248843,NRCA1,179.98265111896856,393.3502323542975,0.1167011559009552,0.30103421561333005,0.38766741402862503,0.3707402477055788,0.31477876120326903,60,0.1167011559009552,0.30103421561333005,0.38766741402862503,,,179.23429613080165,200.48193398404092,,,0,31.393691213184063,,,-0.003807627936773323,-0.0234574544706839,71681,0,True,False,False,False,4
835615,late,F115W,jw05893012005_05101_00001_nrcb2_cal.fits,mast:JWST/product/jw05893012005_05101_00001_nrcb2_cal.fits,60817.40746318287,NRCB2,1054.5616101606925,435.19947546177553,-0.522909551858902,0.2909618792402443,-1.7971754692549975,0.4056091995835304,-1.289195492596846,60,-0.522909551858902,0.2909618792402443,-1.7971754692549975,200.1771470717366,198.40755268486038,199.39836272173204,200.18343472676747,1.148693631660988,0.7565503582339874,29,31.346950637120457,-0.04582602543871877,0.03811863958573561,-0.0022814373378067824,-0.004583739051667038,0,0,False,False,False,False,4
835615,late,F115W,jw05893012005_03101_00001_nrcb2_cal.fits,mast:JWST/product/jw05893012005_03101_00001_nrcb2_cal.fits,60817.40062836806,NRCB2,1567.3338029846823,355.81020728423977,-0.5810447782278061,0.30495090868112645,-1.9053715259965947,0.4097108307704329,-1.418182617079445,60,-0.6017854660749435,0.30495090868112645,-1.9733847283078725,205.93249949970743,200.0710839661196,199.17118116832933,201.14600191448818,1.4581904987194427,1.0061591464525725,10,31.372009985992683,0.07020148209038642,0.1605178857510852,0.02622714824205697,-0.049127170939985976,5,0,True,False,True,False,4
835615,late,F115W,jw05893012005_05101_00002_nrcb2_cal.fits,mast:JWST/product/jw05893012005_05101_00002_nrcb2_cal.fits,60817.41218539352,NRCB2,1822.6026423368241,423.15401326189584,0.0769866555929184,0.30617092831771653,0.2514499205261859,0.3640802652820945,0.21145517330709496,60,0.008044824004173279,0.30617092831771653,0.02627559725665752,,,200.4677304715868,199.4250998247927,,,0,31.356503730713,,,-0.011683364277133745,0.03355397812523177,0,0,False,False,False,False,4
835615,early,F150W,jw01727066001_04101_00003_nrcb4_cal.fits,mast:JWST/product/jw01727066001_04101_00003_nrcb4_cal.fits,60315.26768207176,NRCB4,1086.7590794455534,1866.0530809128552,0.5265787243843079,0.256190329855677,2.055419986698765,0.3240176628872752,1.6251543810668836,60,0.53233402967453,0.256190329855677,2.077884945830768,204.5655643005977,203.54604784527882,200.7445126024198,200.44554462881018,,,0,31.121981172473145,-0.15849811006175135,-0.09549581949411318,-0.023181366112409493,-0.023479514066108896,0,0,False,False,False,False,5
835615,early,F150W,jw01727066001_04101_00004_nrcb4_cal.fits,mast:JWST/product/jw01727066001_04101_00004_nrcb4_cal.fits,60315.271782800926,NRCB4,1094.1135030893695,1673.8247660505651,-0.48948129266500473,0.23163233404216196,-2.11318205935752,0.3297625368900597,-1.4843447569309367,60,-0.48948129266500473,0.23163233404216196,-2.11318205935752,,,199.74506869967058,200.67154212743392,,,0,31.164522228326156,,,-0.01992838921360488,0.02076769159876966,0,0,False,False,False,False,5
835615,late,F356W,jw05893016008_05101_00002_nrcalong_cal.fits,mast:JWST/product/jw05893016008_05101_00002_nrcalong_cal.fits,60812.79928248843,NRCALONG,60.95187203071398,171.8241664416813,-0.024728640913963318,0.05897063392482195,-0.4193382242674947,0.06478638109490276,-0.3816950491144027,60,-0.02864830195903778,0.0492154149385237,-0.5821001813115493,,,58.587257656900256,173.26482276416905,,,0,63.71486767348517,,,0.037437918330233196,-0.17172282929366642,4101,1,True,False,True,False,5
835615,late,F356W,jw05893012005_03101_00001_nrcblong_cal.fits,mast:JWST/product/jw05893012005_03101_00001_nrcblong_cal.fits,60817.40062836806,NRCBLONG,1818.0966831506748,156.46326923511276,-0.14390604197978973,0.06570126065883757,-2.190308687180917,0.0653516443401575,-2.2020263366404977,60,-0.14781655371189117,0.06570126065883757,-2.2498282716285773,,,198.02874230887628,158.01467715231763,,,0,63.81947567816927,,,0.046619993307481684,-0.15846957952208904,32768,0,False,False,False,False,5
835615,late,F356W,jw05893012005_05101_00002_nrcblong_cal.fits,mast:JWST/product/jw05893012005_05101_00002_nrcblong_cal.fits,60817.41218539352,NRCBLONG,1943.4071103377705,190.32564933473736,-0.17938083410263062,0.060519219485525334,-2.9640308587511437,0.07715653026401996,-2.324895034662807,60,-0.1805846095085144,0.060519219485525334,-2.983921654040923,,,197.05704515469398,191.98694581175752,,,0,63.79652966127438,,,0.024201322660667268,-0.23737024655500932,1103873,0,True,False,False,False,5
835615,late,F356W,jw05893012005_05101_00001_nrcblong_cal.fits,mast:JWST/product/jw05893012005_05101_00001_nrcblong_cal.fits,60817.40746318287,NRCBLONG,1565.7589724270674,193.9952567849108,-0.0884883850812912,0.06161017806762125,-1.436262446509558,0.062582652528584,-1.4139443041484223,60,-0.09924031794071198,0.06161017806762125,-1.6107779761939522,,,196.95499932952706,196.46654212454393,,,0,63.75751639708231,,,0.08572853413436311,-0.22251460957409475,4097,0,True,False,False,False,5
835615,early,F277W,jw01727066001_02101_00004_nrcblong_cal.fits,mast:JWST/product/jw01727066001_02101_00004_nrcblong_cal.fits,60315.2476746875,NRCBLONG,505.1885251116501,803.5289747892668,-0.12585483491420746,0.07306741335209928,-1.7224482042047211,0.0996549629241228,-1.26290584253223,60,-0.016880840063095093,0.06959837405932295,-0.2425464716849063,,,201.41410905354897,198.90641487248655,,,0,63.37337375176996,,,0.006250721746003616,-0.08668030568651261,32772,0,False,False,True,False,6
835615,early,F277W,jw01727066001_02101_00003_nrcblong_cal.fits,mast:JWST/product/jw01727066001_02101_00003_nrcblong_cal.fits,60315.24369765046,NRCBLONG,501.64119182928124,898.0477024100311,-0.3250786364078522,0.06962779534156498,-4.668805536828384,0.11635297560989856,-2.7939004972056476,60,-0.31036991626024246,0.06798982154289447,-4.564946770222532,,,202.60242325249828,198.77372156978385,,,0,63.29051723250991,,,0.001692299928366572,-0.20353574563941515,4101,0,True,False,True,False,6
835615,late,F200W,jw05893012005_02101_00001_nrcb2_cal.fits,mast:JWST/product/jw05893012005_02101_00001_nrcb2_cal.fits,60817.37005803241,NRCB2,1159.446203603953,680.6063745448322,-0.18887092173099518,0.2142206447851768,-0.8816653591926089,0.21988393941074608,-0.8589573310226256,60,-0.14484290778636932,0.2142206447851768,-0.6761388844274073,,,200.6530167562727,200.79257585208543,,,0,31.27994643811642,,,0.03705880734285895,-0.00728137867125404,0,0,False,False,False,False,6
835615,late,F200W,jw05893012005_02101_00002_nrcb2_cal.fits,mast:JWST/product/jw05893012005_02101_00002_nrcb2_cal.fits,60817.37465579861,NRCB2,1196.4330154606341,734.108854036424,-0.09592430293560028,0.20299619945110964,-0.47254235889624646,0.23526482162922618,-0.4077290530361379,60,-0.11558304727077484,0.20299619945110964,-0.5693852770805805,,,200.14348881086227,199.6066751485305,,,0,31.265550866130855,,,-0.01791936818573162,-0.002798865005642858,0,0,False,False,False,False,6
835615,late,F200W,jw05893012005_02101_00003_nrcb2_cal.fits,mast:JWST/product/jw05893012005_02101_00003_nrcb2_cal.fits,60817.379378020836,NRCB2,1344.5780158604223,490.58688909926025,0.1806889772415161,0.27069816960989784,0.6674924233950542,0.30257154940366743,0.5971776844109521,60,-0.16590774059295654,0.18719747709329115,-0.8862712423751057,202.72543195847723,200.81780062584807,199.10709972041835,199.65616915264525,1.253479376111204,0.8083892762993885,29,31.33224400930139,0.07114734609827436,0.07792390375146059,-0.003208355253467703,-0.014516809213604476,32773,0,True,False,True,False,6
835615,late,F200W,jw05893012005_02101_00004_nrcb2_cal.fits,mast:JWST/product/jw05893012005_02101_00004_nrcb2_cal.fits,60817.38397653935,NRCB2,1381.614269217944,543.9970115361946,-0.03332526981830597,0.20013381658459334,-0.16651493679090418,0.2209265489503741,-0.15084321000185313,60,-0.03508807718753815,0.20013381658459334,-0.17532308025868773,202.84102010599386,201.64324716981042,199.33156255392774,199.80590998587192,,,0,31.31776264207164,0.08418231942590529,0.07551764695225699,-0.008750528191146823,-0.006083593288165188,0,0,False,False,False,False,6
835615,early,F115W,jw01727066001_02101_00004_nrcb4_cal.fits,mast:JWST/product/jw01727066001_02101_00004_nrcb4_cal.fits,60315.2476746875,NRCB4,1094.1139082603668,1673.8759918921305,-0.2526804357767105,0.30923194365710205,-0.8171226839905653,0.4033303152244538,-0.6264851072156418,60,-0.2529709190130234,0.30923194365710205,-0.8180620540727034,,,199.54866540131766,200.01075777728687,,,0,31.163763941167183,,,0.00296358273963702,0.017819778531913744,4,0,False,False,True,False,7
835615,early,F115W,jw01727066001_02101_00003_nrcb4_cal.fits,mast:JWST/product/jw01727066001_02101_00003_nrcb4_cal.fits,60315.24369765046,NRCB4,1086.7587792971394,1866.114548226637,0.8752160221338272,0.39204170356348245,2.23245643047285,0.4620338877394795,1.8942680295938008,60,0.14563460648059845,0.27914269400907266,0.5217210036522218,202.28729675783725,199.89132935790184,200.25370746797472,199.2441545585357,1.0442239427320568,1.204254486804241,22,31.121059956466055,-0.02410622211263708,-0.07504938118985378,0.019063696901243044,-0.0246442868583454,4,0,False,False,True,False,7
835615,late,F356W,jw05893016008_05101_00002_nrcalong_cal.fits,mast:JWST/product/jw05893016008_05101_00002_nrcalong_cal.fits,60812.79928248843,NRCALONG,60.95187203071398,171.8241664416813,-0.024728640913963318,0.05897063392482195,-0.4193382242674947,0.06478638109490276,-0.3816950491144027,60,-0.02864830195903778,0.0492154149385237,-0.5821001813115493,,,58.587257656900256,173.26482276416905,,,0,63.71486767348517,,,0.037437918330233196,-0.17172282929366642,4101,1,True,False,True,False,7
835615,late,F356W,jw05893012005_03101_00001_nrcblong_cal.fits,mast:JWST/product/jw05893012005_03101_00001_nrcblong_cal.fits,60817.40062836806,NRCBLONG,1818.0966831506748,156.46326923511276,-0.14390604197978973,0.06570126065883757,-2.190308687180917,0.0653516443401575,-2.2020263366404977,60,-0.14781655371189117,0.06570126065883757,-2.2498282716285773,,,198.02874230887628,158.01467715231763,,,0,63.81947567816927,,,0.046619993307481684,-0.15846957952208904,32768,0,False,False,False,False,7
835615,late,F356W,jw05893012005_05101_00002_nrcblong_cal.fits,mast:JWST/product/jw05893012005_05101_00002_nrcblong_cal.fits,60817.41218539352,NRCBLONG,1943.4071103377705,190.32564933473736,-0.17938083410263062,0.060519219485525334,-2.9640308587511437,0.07715653026401996,-2.324895034662807,60,-0.1805846095085144,0.060519219485525334,-2.983921654040923,,,197.05704515469398,191.98694581175752,,,0,63.79652966127438,,,0.024201322660667268,-0.23737024655500932,1103873,0,True,False,False,False,7
835615,late,F356W,jw05893012005_05101_00001_nrcblong_cal.fits,mast:JWST/product/jw05893012005_05101_00001_nrcblong_cal.fits,60817.40746318287,NRCBLONG,1565.7589724270674,193.9952567849108,-0.0884883850812912,0.06161017806762125,-1.436262446509558,0.062582652528584,-1.4139443041484223,60,-0.09924031794071198,0.06161017806762125,-1.6107779761939522,,,196.95499932952706,196.46654212454393,,,0,63.75751639708231,,,0.08572853413436311,-0.22251460957409475,4097,0,True,False,False,False,7
835615,early,F277W,jw01727066001_02101_00004_nrcblong_cal.fits,mast:JWST/product/jw01727066001_02101_00004_nrcblong_cal.fits,60315.2476746875,NRCBLONG,505.1885251116501,803.5289747892668,-0.12585483491420746,0.07306741335209928,-1.7224482042047211,0.0996549629241228,-1.26290584253223,60,-0.016880840063095093,0.06959837405932295,-0.2425464716849063,,,201.41410905354897,198.90641487248655,,,0,63.37337375176996,,,0.006250721746003616,-0.08668030568651261,32772,0,False,False,True,False,8
835615,early,F277W,jw01727066001_02101_00003_nrcblong_cal.fits,mast:JWST/product/jw01727066001_02101_00003_nrcblong_cal.fits,60315.24369765046,NRCBLONG,501.64119182928124,898.0477024100311,-0.3250786364078522,0.06962779534156498,-4.668805536828384,0.11635297560989856,-2.7939004972056476,60,-0.31036991626024246,0.06798982154289447,-4.564946770222532,,,202.60242325249828,198.77372156978385,,,0,63.29051723250991,,,0.001692299928366572,-0.20353574563941515,4101,0,True,False,True,False,8
835615,late,F115W,jw05893016008_05101_00002_nrca1_cal.fits,mast:JWST/product/jw05893016008_05101_00002_nrca1_cal.fits,60812.79928248843,NRCA1,179.98265111896856,393.3502323542975,0.1167011559009552,0.30103421561333005,0.38766741402862503,0.3707402477055788,0.31477876120326903,60,0.1167011559009552,0.30103421561333005,0.38766741402862503,,,179.23429613080165,200.48193398404092,,,0,31.393691213184063,,,-0.003807627936773323,-0.0234574544706839,71681,0,True,False,False,False,8
835615,late,F115W,jw05893012005_05101_00001_nrcb2_cal.fits,mast:JWST/product/jw05893012005_05101_00001_nrcb2_cal.fits,60817.40746318287,NRCB2,1054.5616101606925,435.19947546177553,-0.522909551858902,0.2909618792402443,-1.7971754692549975,0.4056091995835304,-1.289195492596846,60,-0.522909551858902,0.2909618792402443,-1.7971754692549975,200.1771470717366,198.40755268486038,199.39836272173204,200.18343472676747,1.148693631660988,0.7565503582339874,29,31.346950637120457,-0.04582602543871877,0.03811863958573561,-0.0022814373378067824,-0.004583739051667038,0,0,False,False,False,False,8
835615,late,F115W,jw05893012005_03101_00001_nrcb2_cal.fits,mast:JWST/product/jw05893012005_03101_00001_nrcb2_cal.fits,60817.40062836806,NRCB2,1567.3338029846823,355.81020728423977,-0.5810447782278061,0.30495090868112645,-1.9053715259965947,0.4097108307704329,-1.418182617079445,60,-0.6017854660749435,0.30495090868112645,-1.9733847283078725,205.93249949970743,200.0710839661196,199.17118116832933,201.14600191448818,1.4581904987194427,1.0061591464525725,10,31.372009985992683,0.07020148209038642,0.1605178857510852,0.02622714824205697,-0.049127170939985976,5,0,True,False,True,False,8
835615,late,F115W,jw05893012005_05101_00002_nrcb2_cal.fits,mast:JWST/product/jw05893012005_05101_00002_nrcb2_cal.fits,60817.41218539352,NRCB2,1822.6026423368241,423.15401326189584,0.0769866555929184,0.30617092831771653,0.2514499205261859,0.3640802652820945,0.21145517330709496,60,0.008044824004173279,0.30617092831771653,0.02627559725665752,,,200.4677304715868,199.4250998247927,,,0,31.356503730713,,,-0.011683364277133745,0.03355397812523177,0,0,False,False,False,False,8
835615,early,F150W,jw01727066001_04101_00003_nrcb4_cal.fits,mast:JWST/product/jw01727066001_04101_00003_nrcb4_cal.fits,60315.26768207176,NRCB4,1086.7590794455534,1866.0530809128552,0.5265787243843079,0.256190329855677,2.055419986698765,0.3240176628872752,1.6251543810668836,60,0.53233402967453,0.256190329855677,2.077884945830768,204.5655643005977,203.54604784527882,200.7445126024198,200.44554462881018,,,0,31.121981172473145,-0.15849811006175135,-0.09549581949411318,-0.023181366112409493,-0.023479514066108896,0,0,False,False,False,False,9
835615,early,F150W,jw01727066001_04101_00004_nrcb4_cal.fits,mast:JWST/product/jw01727066001_04101_00004_nrcb4_cal.fits,60315.271782800926,NRCB4,1094.1135030893695,1673.8247660505651,-0.48948129266500473,0.23163233404216196,-2.11318205935752,0.3297625368900597,-1.4843447569309367,60,-0.48948129266500473,0.23163233404216196,-2.11318205935752,,,199.74506869967058,200.67154212743392,,,0,31.164522228326156,,,-0.01992838921360488,0.02076769159876966,0,0,False,False,False,False,9
835615,late,F200W,jw05893012005_02101_00001_nrcb2_cal.fits,mast:JWST/product/jw05893012005_02101_00001_nrcb2_cal.fits,60817.37005803241,NRCB2,1159.446203603953,680.6063745448322,-0.18887092173099518,0.2142206447851768,-0.8816653591926089,0.21988393941074608,-0.8589573310226256,60,-0.14484290778636932,0.2142206447851768,-0.6761388844274073,,,200.6530167562727,200.79257585208543,,,0,31.27994643811642,,,0.03705880734285895,-0.00728137867125404,0,0,False,False,False,False,9
835615,late,F200W,jw05893012005_02101_00002_nrcb2_cal.fits,mast:JWST/product/jw05893012005_02101_00002_nrcb2_cal.fits,60817.37465579861,NRCB2,1196.4330154606341,734.108854036424,-0.09592430293560028,0.20299619945110964,-0.47254235889624646,0.23526482162922618,-0.4077290530361379,60,-0.11558304727077484,0.20299619945110964,-0.5693852770805805,,,200.14348881086227,199.6066751485305,,,0,31.265550866130855,,,-0.01791936818573162,-0.002798865005642858,0,0,False,False,False,False,9
835615,late,F200W,jw05893012005_02101_00003_nrcb2_cal.fits,mast:JWST/product/jw05893012005_02101_00003_nrcb2_cal.fits,60817.379378020836,NRCB2,1344.5780158604223,490.58688909926025,0.1806889772415161,0.27069816960989784,0.6674924233950542,0.30257154940366743,0.5971776844109521,60,-0.16590774059295654,0.18719747709329115,-0.8862712423751057,202.72543195847723,200.81780062584807,199.10709972041835,199.65616915264525,1.253479376111204,0.8083892762993885,29,31.33224400930139,0.07114734609827436,0.07792390375146059,-0.003208355253467703,-0.014516809213604476,32773,0,True,False,True,False,9
835615,late,F200W,jw05893012005_02101_00004_nrcb2_cal.fits,mast:JWST/product/jw05893012005_02101_00004_nrcb2_cal.fits,60817.38397653935,NRCB2,1381.614269217944,543.9970115361946,-0.03332526981830597,0.20013381658459334,-0.16651493679090418,0.2209265489503741,-0.15084321000185313,60,-0.03508807718753815,0.20013381658459334,-0.17532308025868773,202.84102010599386,201.64324716981042,199.33156255392774,199.80590998587192,,,0,31.31776264207164,0.08418231942590529,0.07551764695225699,-0.008750528191146823,-0.006083593288165188,0,0,False,False,False,False,9
835615,early,F115W,jw01727066001_02101_00004_nrcb4_cal.fits,mast:JWST/product/jw01727066001_02101_00004_nrcb4_cal.fits,60315.2476746875,NRCB4,1094.1139082603668,1673.8759918921305,-0.2526804357767105,0.30923194365710205,-0.8171226839905653,0.4033303152244538,-0.6264851072156418,60,-0.2529709190130234,0.30923194365710205,-0.8180620540727034,,,199.54866540131766,200.01075777728687,,,0,31.163763941167183,,,0.00296358273963702,0.017819778531913744,4,0,False,False,True,False,10
835615,early,F115W,jw01727066001_02101_00003_nrcb4_cal.fits,mast:JWST/product/jw01727066001_02101_00003_nrcb4_cal.fits,60315.24369765046,NRCB4,1086.7587792971394,1866.114548226637,0.8752160221338272,0.39204170356348245,2.23245643047285,0.4620338877394795,1.8942680295938008,60,0.14563460648059845,0.27914269400907266,0.5217210036522218,202.28729675783725,199.89132935790184,200.25370746797472,199.2441545585357,1.0442239427320568,1.204254486804241,22,31.121059956466055,-0.02410622211263708,-0.07504938118985378,0.019063696901243044,-0.0246442868583454,4,0,False,False,True,False,10
835615,late,F115W,jw05893016008_05101_00002_nrca1_cal.fits,mast:JWST/product/jw05893016008_05101_00002_nrca1_cal.fits,60812.79928248843,NRCA1,179.98265111896856,393.3502323542975,0.1167011559009552,0.30103421561333005,0.38766741402862503,0.3707402477055788,0.31477876120326903,60,0.1167011559009552,0.30103421561333005,0.38766741402862503,,,179.23429613080165,200.48193398404092,,,0,31.393691213184063,,,-0.003807627936773323,-0.0234574544706839,71681,0,True,False,False,False,10
835615,late,F115W,jw05893012005_05101_00001_nrcb2_cal.fits,mast:JWST/product/jw05893012005_05101_00001_nrcb2_cal.fits,60817.40746318287,NRCB2,1054.5616101606925,435.19947546177553,-0.522909551858902,0.2909618792402443,-1.7971754692549975,0.4056091995835304,-1.289195492596846,60,-0.522909551858902,0.2909618792402443,-1.7971754692549975,200.1771470717366,198.40755268486038,199.39836272173204,200.18343472676747,1.148693631660988,0.7565503582339874,29,31.346950637120457,-0.04582602543871877,0.03811863958573561,-0.0022814373378067824,-0.004583739051667038,0,0,False,False,False,False,10
835615,late,F115W,jw05893012005_03101_00001_nrcb2_cal.fits,mast:JWST/product/jw05893012005_03101_00001_nrcb2_cal.fits,60817.40062836806,NRCB2,1567.3338029846823,355.81020728423977,-0.5810447782278061,0.30495090868112645,-1.9053715259965947,0.4097108307704329,-1.418182617079445,60,-0.6017854660749435,0.30495090868112645,-1.9733847283078725,205.93249949970743,200.0710839661196,199.17118116832933,201.14600191448818,1.4581904987194427,1.0061591464525725,10,31.372009985992683,0.07020148209038642,0.1605178857510852,0.02622714824205697,-0.049127170939985976,5,0,True,False,True,False,10
835615,late,F115W,jw05893012005_05101_00002_nrcb2_cal.fits,mast:JWST/product/jw05893012005_05101_00002_nrcb2_cal.fits,60817.41218539352,NRCB2,1822.6026423368241,423.15401326189584,0.0769866555929184,0.30617092831771653,0.2514499205261859,0.3640802652820945,0.21145517330709496,60,0.008044824004173279,0.30617092831771653,0.02627559725665752,,,200.4677304715868,199.4250998247927,,,0,31.356503730713,,,-0.011683364277133745,0.03355397812523177,0,0,False,False,False,False,10
835615,early,F115W,jw01727066001_02101_00004_nrcb4_cal.fits,mast:JWST/product/jw01727066001_02101_00004_nrcb4_cal.fits,60315.2476746875,NRCB4,1094.1139082603668,1673.8759918921305,-0.2526804357767105,0.30923194365710205,-0.8171226839905653,0.4033303152244538,-0.6264851072156418,60,-0.2529709190130234,0.30923194365710205,-0.8180620540727034,,,199.54866540131766,200.01075777728687,,,0,31.163763941167183,,,0.00296358273963702,0.017819778531913744,4,0,False,False,True,False,11
835615,early,F115W,jw01727066001_02101_00003_nrcb4_cal.fits,mast:JWST/product/jw01727066001_02101_00003_nrcb4_cal.fits,60315.24369765046,NRCB4,1086.7587792971394,1866.114548226637,0.8752160221338272,0.39204170356348245,2.23245643047285,0.4620338877394795,1.8942680295938008,60,0.14563460648059845,0.27914269400907266,0.5217210036522218,202.28729675783725,199.89132935790184,200.25370746797472,199.2441545585357,1.0442239427320568,1.204254486804241,22,31.121059956466055,-0.02410622211263708,-0.07504938118985378,0.019063696901243044,-0.0246442868583454,4,0,False,False,True,False,11
835615,late,F200W,jw05893012005_02101_00001_nrcb2_cal.fits,mast:JWST/product/jw05893012005_02101_00001_nrcb2_cal.fits,60817.37005803241,NRCB2,1159.446203603953,680.6063745448322,-0.18887092173099518,0.2142206447851768,-0.8816653591926089,0.21988393941074608,-0.8589573310226256,60,-0.14484290778636932,0.2142206447851768,-0.6761388844274073,,,200.6530167562727,200.79257585208543,,,0,31.27994643811642,,,0.03705880734285895,-0.00728137867125404,0,0,False,False,False,False,11
835615,late,F200W,jw05893012005_02101_00002_nrcb2_cal.fits,mast:JWST/product/jw05893012005_02101_00002_nrcb2_cal.fits,60817.37465579861,NRCB2,1196.4330154606341,734.108854036424,-0.09592430293560028,0.20299619945110964,-0.47254235889624646,0.23526482162922618,-0.4077290530361379,60,-0.11558304727077484,0.20299619945110964,-0.5693852770805805,,,200.14348881086227,199.6066751485305,,,0,31.265550866130855,,,-0.01791936818573162,-0.002798865005642858,0,0,False,False,False,False,11
835615,late,F200W,jw05893012005_02101_00003_nrcb2_cal.fits,mast:JWST/product/jw05893012005_02101_00003_nrcb2_cal.fits,60817.379378020836,NRCB2,1344.5780158604223,490.58688909926025,0.1806889772415161,0.27069816960989784,0.6674924233950542,0.30257154940366743,0.5971776844109521,60,-0.16590774059295654,0.18719747709329115,-0.8862712423751057,202.72543195847723,200.81780062584807,199.10709972041835,199.65616915264525,1.253479376111204,0.8083892762993885,29,31.33224400930139,0.07114734609827436,0.07792390375146059,-0.003208355253467703,-0.014516809213604476,32773,0,True,False,True,False,11
835615,late,F200W,jw05893012005_02101_00004_nrcb2_cal.fits,mast:JWST/product/jw05893012005_02101_00004_nrcb2_cal.fits,60817.38397653935,NRCB2,1381.614269217944,543.9970115361946,-0.03332526981830597,0.20013381658459334,-0.16651493679090418,0.2209265489503741,-0.15084321000185313,60,-0.03508807718753815,0.20013381658459334,-0.17532308025868773,202.84102010599386,201.64324716981042,199.33156255392774,199.80590998587192,,,0,31.31776264207164,0.08418231942590529,0.07551764695225699,-0.008750528191146823,-0.006083593288165188,0,0,False,False,False,False,11
835615,early,F150W,jw01727066001_04101_00003_nrcb4_cal.fits,mast:JWST/product/jw01727066001_04101_00003_nrcb4_cal.fits,60315.26768207176,NRCB4,1086.7590794455534,1866.0530809128552,0.5265787243843079,0.256190329855677,2.055419986698765,0.3240176628872752,1.6251543810668836,60,0.53233402967453,0.256190329855677,2.077884945830768,204.5655643005977,203.54604784527882,200.7445126024198,200.44554462881018,,,0,31.121981172473145,-0.15849811006175135,-0.09549581949411318,-0.023181366112409493,-0.023479514066108896,0,0,False,False,False,False,12
835615,early,F150W,jw01727066001_04101_00004_nrcb4_cal.fits,mast:JWST/product/jw01727066001_04101_00004_nrcb4_cal.fits,60315.271782800926,NRCB4,1094.1135030893695,1673.8247660505651,-0.48948129266500473,0.23163233404216196,-2.11318205935752,0.3297625368900597,-1.4843447569309367,60,-0.48948129266500473,0.23163233404216196,-2.11318205935752,,,199.74506869967058,200.67154212743392,,,0,31.164522228326156,,,-0.01992838921360488,0.02076769159876966,0,0,False,False,False,False,12
835615,late,F115W,jw05893016008_05101_00002_nrca1_cal.fits,mast:JWST/product/jw05893016008_05101_00002_nrca1_cal.fits,60812.79928248843,NRCA1,179.98265111896856,393.3502323542975,0.1167011559009552,0.30103421561333005,0.38766741402862503,0.3707402477055788,0.31477876120326903,60,0.1167011559009552,0.30103421561333005,0.38766741402862503,,,179.23429613080165,200.48193398404092,,,0,31.393691213184063,,,-0.003807627936773323,-0.0234574544706839,71681,0,True,False,False,False,12
835615,late,F115W,jw05893012005_05101_00001_nrcb2_cal.fits,mast:JWST/product/jw05893012005_05101_00001_nrcb2_cal.fits,60817.40746318287,NRCB2,1054.5616101606925,435.19947546177553,-0.522909551858902,0.2909618792402443,-1.7971754692549975,0.4056091995835304,-1.289195492596846,60,-0.522909551858902,0.2909618792402443,-1.7971754692549975,200.1771470717366,198.40755268486038,199.39836272173204,200.18343472676747,1.148693631660988,0.7565503582339874,29,31.346950637120457,-0.04582602543871877,0.03811863958573561,-0.0022814373378067824,-0.004583739051667038,0,0,False,False,False,False,12
835615,late,F115W,jw05893012005_03101_00001_nrcb2_cal.fits,mast:JWST/product/jw05893012005_03101_00001_nrcb2_cal.fits,60817.40062836806,NRCB2,1567.3338029846823,355.81020728423977,-0.5810447782278061,0.30495090868112645,-1.9053715259965947,0.4097108307704329,-1.418182617079445,60,-0.6017854660749435,0.30495090868112645,-1.9733847283078725,205.93249949970743,200.0710839661196,199.17118116832933,201.14600191448818,1.4581904987194427,1.0061591464525725,10,31.372009985992683,0.07020148209038642,0.1605178857510852,0.02622714824205697,-0.049127170939985976,5,0,True,False,True,False,12
835615,late,F115W,jw05893012005_05101_00002_nrcb2_cal.fits,mast:JWST/product/jw05893012005_05101_00002_nrcb2_cal.fits,60817.41218539352,NRCB2,1822.6026423368241,423.15401326189584,0.0769866555929184,0.30617092831771653,0.2514499205261859,0.3640802652820945,0.21145517330709496,60,0.008044824004173279,0.30617092831771653,0.02627559725665752,,,200.4677304715868,199.4250998247927,,,0,31.356503730713,,,-0.011683364277133745,0.03355397812523177,0,0,False,False,False,False,12
