intentType,obs_collection,provenance_name,instrument_name,project,filters,wave_region,target_name,target_classification,obs_id,s_ra,s_dec,dataproduct_type,proposal_pi,calib_level,t_min,t_max,t_exptime,wavelength_region,em_min,em_max,obs_title,t_obs_release,proposal_id,proposal_type,sequence_number,s_region,jpegURL,dataURL,dataRights,mtFlag,srcDen,obsid,wave_min,wave_max,distance,candidate_id,candidate_ra_deg,candidate_dec_deg,filter_norm,t_min_numeric
science,JWST,CALJWST,NIRCAM/IMAGE,JWST,F115W,INFRARED,CWEBTILE-3-13,,jw01727-o066_t108_nircam_clear-f115w,150.27235416666667,2.2044916666666667,image,"Kartaltepe, Jeyhan",3,60315.23301025463,60315.250657847224,1030.728,INFRARED,1013.0000000000001,1282.0,COSMOS-Web: The JWST Cosmic Origins Survey,60315.41687503,1727,GO,,POLYGON 150.295318366 2.208589214 150.2899664 2.195953171 150.289391047 2.196206234 150.283225544 2.181785981 150.283206924 2.181793929 150.282691054 2.180587355 150.282753571 2.180560164 150.280742223 2.176029192 150.277812537 2.16917683 150.277718271 2.169217067 150.277186089 2.168018202 150.277340577 2.167951009 150.270106971 2.151655239 150.269930444 2.151728382 150.25387778 2.158975295 150.253884786 2.158991177 150.252854671 2.159456218 150.252795437 2.159320462 150.236753961 2.166366364 150.236767676 2.166397995 150.235239698 2.167069129 150.235247936 2.167088986 150.240698534 2.17965973 150.24065105 2.179680586 150.243613815 2.186513651 150.249356428 2.200364739 150.249512893 2.200300595 150.254768121 2.212976097 150.255346127 2.212739141 150.260209207 2.224028954 150.26019183 2.224036496 150.263140216 2.230881304 150.268955685 2.244668648 150.269034209 2.244636057 150.27436743 2.257280057 150.290570119 2.250555104 150.290543051 2.250490518 150.291591077 2.250055521 150.291661004 2.250223035 150.308174665 2.243516163 150.308142929 2.243439632 150.309690464 2.242811096 150.30285235 2.226321217 150.302695008 2.226387666 150.302184912 2.225157557 150.302374791 2.225077169 150.295379706 2.208562234,mast:JWST/product/jw01727-o066_t108_nircam_clear-f115w_i2d.jpg,mast:JWST/product/jw01727-o066_t108_nircam_clear-f115w_i2d.fits,PUBLIC,False,,200637054,1013.0000000000001,1282.0,0.0,835615,150.271491894735,2.19579742195885,F115W,60315.23301025463
science,JWST,CALJWST,NIRCAM/IMAGE,JWST,F150W,INFRARED,CWEBTILE-3-13,,jw01727-o066_t108_nircam_clear-f150w,150.27235416666667,2.2044916666666667,image,"Kartaltepe, Jeyhan",3,60315.25711837963,60315.27476597222,1030.728,INFRARED,1331.0,1668.0,COSMOS-Web: The JWST Cosmic Origins Survey,60315.41687503,1727,GO,,POLYGON 150.295319651 2.208588873 150.289968012 2.195953333 150.289393212 2.19620613 150.283227562 2.181784569 150.283208679 2.181792629 150.282692951 2.180586313 150.282755149 2.180559258 150.280751607 2.176045378 150.277814807 2.16917595 150.277720431 2.169216234 150.277188418 2.168017619 150.277342405 2.167950637 150.27010672 2.151648482 150.270106254 2.151648676 150.253879796 2.158974514 150.253886578 2.158989887 150.252856993 2.159454709 150.252798004 2.159319505 150.236755734 2.166365652 150.2367692 2.166396711 150.235241084 2.167067882 150.235288458 2.167182064 150.240699215 2.179661708 150.240658363 2.179679651 150.243454708 2.186129209 150.249356159 2.200364783 150.249519614 2.200297769 150.254775437 2.212975728 150.255347043 2.212741377 150.26020988 2.224031393 150.260199416 2.224035934 150.262732048 2.229915869 150.268955164 2.244668677 150.269040159 2.244633401 150.274374735 2.257279566 150.290577303 2.250554888 150.290549232 2.250487913 150.291597299 2.250052913 150.291668119 2.250222557 150.308181543 2.243515765 150.308148837 2.243436894 150.309691565 2.242810308 150.302853656 2.226320709 150.302696379 2.226387129 150.302186275 2.22515699 150.302375881 2.225076723 150.29538102 2.208561883,mast:JWST/product/jw01727-o066_t108_nircam_clear-f150w_i2d.jpg,mast:JWST/product/jw01727-o066_t108_nircam_clear-f150w_i2d.fits,PUBLIC,False,,200637061,1331.0,1668.0,0.0,835615,150.271491894735,2.19579742195885,F150W,60315.25711837963
science,JWST,CALJWST,NIRCAM/IMAGE,JWST,F277W,INFRARED,CWEBTILE-3-13,Galaxy; Field galaxies,jw01727-o066_t108_nircam_clear-f277w,150.27235416666667,2.2044916666666667,image,"Kartaltepe, Jeyhan",3,60315.23301099537,60315.25065711806,1030.728,INFRARED,2416.0,3127.0,COSMOS-Web: The JWST Cosmic Origins Survey,60315.41687503,1727,GO,,POLYGON 150.236987342 2.166382592 150.236998811 2.166409653 150.235471849 2.167082063 150.247349407 2.195107475 150.249314011 2.199730647 150.249367716 2.199708524 150.254723036 2.212344305 150.255284813 2.2121129 150.269008886 2.244219327 150.269027935 2.244211509 150.274422385 2.256831215 150.307633896 2.243200173 150.307605859 2.243133229 150.309149187 2.242499768 150.295140339 2.209050168 150.295028461 2.209099218 150.289726705 2.196439396 150.289217558 2.196662614 150.284279544 2.185252066 150.284316834 2.185236705 150.269890659 2.151899907 150.269465461 2.152080341,mast:JWST/product/jw01727-o066_t108_nircam_clear-f277w_i2d.jpg,mast:JWST/product/jw01727-o066_t108_nircam_clear-f277w_i2d.fits,PUBLIC,False,,200637067,2416.0,3127.0,0.0,835615,150.271491894735,2.19579742195885,F277W,60315.23301099537
science,JWST,CALJWST,NIRCAM/IMAGE,JWST,F444W,INFRARED,CWEBTILE-3-13,Galaxy; Field galaxies,jw01727-o066_t108_nircam_clear-f444w,150.27235416666667,2.2044916666666667,image,"Kartaltepe, Jeyhan",3,60315.25711912037,60315.27476523148,1030.728,INFRARED,3880.0,4986.0,COSMOS-Web: The JWST Cosmic Origins Survey,60315.41687503,1727,GO,,POLYGON 150.236992693 2.166376773 150.237005713 2.166407493 150.235477963 2.167080262 150.242576818 2.183829727 150.2493313 2.199725037 150.249377686 2.19970593 150.254732445 2.212339737 150.255286453 2.212111526 150.269010847 2.244220831 150.269033759 2.244211428 150.274427168 2.256829345 150.307639086 2.243198189 150.307610544 2.243130035 150.309151094 2.242497717 150.2951425 2.209047211 150.295030896 2.209096142 150.289729044 2.196435579 150.289223893 2.196657054 150.284285494 2.185246318 150.284323516 2.185230655 150.269895033 2.151890727 150.269671811 2.151985449,mast:JWST/product/jw01727-o066_t108_nircam_clear-f444w_i2d.jpg,mast:JWST/product/jw01727-o066_t108_nircam_clear-f444w_i2d.fits,PUBLIC,False,,200632951,3880.0,4986.0,0.0,835615,150.271491894735,2.19579742195885,F444W,60315.25711912037
science,JWST,CALJWST,MIRI/IMAGE,JWST,F770W,INFRARED,CWEBTILE-2-14,Galaxy; Field galaxies,jw01727-o067_t115_miri_f770w,150.33952333333335,2.2826555555555554,image,"Kartaltepe, Jeyhan",3,60307.01693597222,60307.05849798611,2020.232,INFRARED,6600.0,8800.0,COSMOS-Web: The JWST Cosmic Origins Survey,60307.11815976,1727,GO,,POLYGON 150.280660954 2.185599522 150.281606005 2.185103723 150.266865518 2.157024428 150.265393983 2.157813753 150.265352059 2.157733908 150.264105188 2.158393721 150.259745242 2.16073283 150.237719347 2.172547702 150.244093811 2.184642637 150.243136696 2.185156113 150.256851035 2.211177725 150.257791807 2.212952968 150.259263499 2.212181011 150.259301388 2.2122529 150.287020214 2.197712605,mast:JWST/product/jw01727-o067_t115_miri_f770w_i2d.jpg,mast:JWST/product/jw01727-o067_t115_miri_f770w_i2d.fits,PUBLIC,False,,199571052,6600.0,8800.0,0.0,835615,150.271491894735,2.19579742195885,F770W,60307.01693597222
science,JWST,CALJWST,NIRCAM/IMAGE,JWST,F115W,INFRARED,C3D-12_CWEBTILE-4-15,,jw05893-o012_t012_nircam_clear-f115w,150.30766291666666,2.0890583333333335,image,"Kakiichi, Koki",3,60812.562598275465,60817.53647201389,7472.784,INFRARED,1013.0000000000001,1282.0,COSMOS-3D: A Legacy Spectroscopic/Imaging Survey of the Early Universe,60817.92372674,5893,GO,,POLYGON 150.219517391 2.115757281 150.218990632 2.115947686 150.218548452 2.114704461 150.219105912 2.114503515 150.213207517 2.097919568 150.212600137 2.098129083 150.211865118 2.096062468 150.195019567 2.101873185 150.20096056 2.118703195 150.20102233 2.11868093 150.201466625 2.119939544 150.2013716 2.119973891 150.207468262 2.136837284 150.207482538 2.136831898 150.209749437 2.143102057 150.210397374 2.142857629 150.212219909 2.148020416 150.212242268 2.148012357 150.21270035 2.149266029 150.212630961 2.149291109 150.218727806 2.16615448 150.21874228 2.16614902 150.221009246 2.172419114 150.221099176 2.172385189 150.227204388 2.188406307 150.227499922 2.188291535 150.229871514 2.194781704 150.229833289 2.194795945 150.230889955 2.197568779 150.231708343 2.199808381 150.231739139 2.199797147 150.232207451 2.201026051 150.232114884 2.201060537 150.238464297 2.217721827 150.238510195 2.217705634 150.255059117 2.211278677 150.253484453 2.207118132 150.25412023 2.206871217 150.247895505 2.190424097 150.247369839 2.190619941 150.246964669 2.189492843 150.24753539 2.189284638 150.242276948 2.174656546 150.244900511 2.181674105 150.245298032 2.181524359 150.247252989 2.186971195 150.247282351 2.1869606 150.247748459 2.18825924 150.247726093 2.188267389 150.248359025 2.189960355 150.249534627 2.193235721 150.249577741 2.193220164 150.25006091 2.194512537 150.250007739 2.194531912 150.256161264 2.210990925 150.272555246 2.204815208 150.272498611 2.204662664 150.287611703 2.198792952 150.286036989 2.194632469 150.286672632 2.194385592 150.280447678 2.17793858 150.279922127 2.178134393 150.279516939 2.177007301 150.280087546 2.176799125 150.274837143 2.162194062 150.27745232 2.169188926 150.27785019 2.169039041 150.279805169 2.17448569 150.279834583 2.174475076 150.280300712 2.175773707 150.280278292 2.175781877 150.280912841 2.177479095 150.282086934 2.180750095 150.282129986 2.180734559 150.282613175 2.182026927 150.282560066 2.18204628 150.288713838 2.198505179 150.305107569 2.192329166 150.305050746 2.192176121 150.320164327 2.186305687 150.318589534 2.182145311 150.319225417 2.181898318 150.313000055 2.165451475 150.31247426 2.165647397 150.312069046 2.16452032 150.312639896 2.164312035 150.307387911 2.149703733 150.310004395 2.156701424 150.310401969 2.156551634 150.312357229 2.161998619 150.31238659 2.161988023 150.312852749 2.163286639 150.312830385 2.163294789 150.313463368 2.164987684 150.314639098 2.168262985 150.314682209 2.168247426 150.31516543 2.169539776 150.31511226 2.169559153 150.321266441 2.186017886 150.337659868 2.179841416 150.337605317 2.179694502 150.352718986 2.173823674 150.351142014 2.16965773 150.351777087 2.169411035 150.345551439 2.152964319 150.345026593 2.153159902 150.344621364 2.152032837 150.34519126 2.151824886 150.339906805 2.137127096 150.342559216 2.14422069 150.342955289 2.144071459 150.344908724 2.149513085 150.344939394 2.149502016 150.345405571 2.150800618 150.3453819 2.150809245 150.346051873 2.15260098 150.34719348 2.155781071 150.347235341 2.155765963 150.347718582 2.157058307 150.347666661 2.15707723 150.353821085 2.173535853 150.370214266 2.167359091 150.368661217 2.163176714 150.369265426 2.162949051 150.36911035 2.162510272 150.363221737 2.146651985 150.362667259 2.146854078 150.362225509 2.145603001 150.362772018 2.145405747 150.356960343 2.12894637 150.356350008 2.129159213 150.356304132 2.129035663 150.355617521 2.127091056 150.35558614 2.127101999 150.352070375 2.117633417 150.352136301 2.117608907 150.350003841 2.11182289 150.345701635 2.099637909 150.34553756 2.099695127 150.339764736 2.083657298 150.339235582 2.083844414 150.334834095 2.071901169 150.334252943 2.072110136 150.333827488 2.070928103 150.334399 2.070719075 150.328506739 2.05434869 150.32790309 2.054562147 150.327159025 2.052494883 150.310623964 2.058341718 150.316541713 2.074903428 150.316586004 2.074887229 150.316977653 2.075983306 150.316939057 2.075997184 150.321954066 2.089835618 150.321511593 2.089988285 150.320776923 2.087923091 150.320716539 2.087943925 150.31717269 2.078307075 150.316646533 2.078497304 150.31620429 2.077254111 150.316761144 2.07705334 150.310861865 2.060469751 150.310248852 2.060681256 150.309514156 2.058615899 150.292669354 2.064427642 150.293055288 2.065520765 150.278075268 2.070817422 150.283992806 2.087379224 150.284030896 2.087365294 150.284422524 2.088461342 150.284390136 2.088472987 150.289408316 2.102320728 150.288961553 2.102474863 150.28822639 2.100408174 150.288164899 2.100429389 150.284618779 2.09078595 150.284091781 2.090976471 150.283649549 2.089733273 150.284207251 2.089532208 150.278308198 2.072948522 150.277700546 2.073158165 150.276965446 2.071091586 150.260120422 2.076903068 150.260509781 2.078005939 150.245525681 2.083303514 150.25144279 2.099865481 150.251480852 2.099851563 150.251872447 2.100947628 150.251840093 2.100959259 150.256857881 2.114807047 150.256410997 2.114961208 150.255675907 2.112894555 150.255614309 2.112915804 150.252068392 2.103272211 150.251541577 2.103462649 150.251099382 2.102219431 150.251656892 2.102018453 150.24575823 2.085434617 150.245150849 2.085644147 150.244415839 2.083577648 150.227570519 2.089388644 150.227959629 2.090490902 150.212974974 2.095788353 150.218891855 2.112350418 150.218929926 2.112336497 150.219321507 2.113432569 150.219289143 2.113444203 150.224306754 2.127292106 150.223859655 2.127446331 150.223124588 2.125379644 150.22306312 2.125400847,mast:JWST/product/jw05893-o012_t012_nircam_clear-f115w_i2d.jpg,mast:JWST/product/jw05893-o012_t012_nircam_clear-f115w_i2d.fits,PUBLIC,False,,266380994,1013.0000000000001,1282.0,0.0,835615,150.271491894735,2.19579742195885,F115W,60812.562598275465
science,JWST,CALJWST,NIRCAM/IMAGE,JWST,F200W,INFRARED,C3D-12_CWEBTILE-4-15,,jw05893-o012_t012_nircam_clear-f200w,150.30766291666666,2.0890583333333335,image,"Kakiichi, Koki",3,60812.532027939815,60817.51758314815,14945.568,INFRARED,1755.0,2226.0,COSMOS-3D: A Legacy Spectroscopic/Imaging Survey of the Early Universe,60817.92372674,5893,GO,,POLYGON 150.214202196 2.09940871 150.213716151 2.098042144 150.21326815 2.098196666 150.213165681 2.097908563 150.196318374 2.103719343 150.19687108 2.105285138 150.195341392 2.10581273 150.195894124 2.107378596 150.19436438 2.107906204 150.200305518 2.124737079 150.200751465 2.124576349 150.20085504 2.124869769 150.201903118 2.124492017 150.202250419 2.12545286 150.200716982 2.126006996 150.206812593 2.142871017 150.207253952 2.142704555 150.207362087 2.143003717 150.20762851 2.142903234 150.211564863 2.154054275 150.211636972 2.154028285 150.212094837 2.155281368 150.211976339 2.155324189 150.21807214 2.172188185 150.218212053 2.172135416 150.224329618 2.188189871 150.224624926 2.188075179 150.228833295 2.199592087 150.229275644 2.199430714 150.229383055 2.199724659 150.230441202 2.199338636 150.230794013 2.200264505 150.229239892 2.20084356 150.235589702 2.217506964 150.236024584 2.217338066 150.236138568 2.217637185 150.236214407 2.217610429 150.252733603 2.211194617 150.252168053 2.209700381 150.252792954 2.209457673 150.253285269 2.210774512 150.253723724 2.210609353 150.253835033 2.21090708 150.270229944 2.204731263 150.270173402 2.204578969 150.285286129 2.198709058 150.284720549 2.197214807 150.285345454 2.196972083 150.285837786 2.19828891 150.286276223 2.198123748 150.286387547 2.198421502 150.302782215 2.19224541 150.302725427 2.192092462 150.317839359 2.186221488 150.317273786 2.184727386 150.317898568 2.184484687 150.318390908 2.185801424 150.318829444 2.185636208 150.318940753 2.185933898 150.335335096 2.179757291 150.335278695 2.179605397 150.350390465 2.17373499 150.349825507 2.172242558 150.350453863 2.171998456 150.350945687 2.173313756 150.351380607 2.173149893 150.351491847 2.173447387 150.367885974 2.167270572 150.367324552 2.165758654 150.368864249 2.165178523 150.368302809 2.163666576 150.369839191 2.163087693 150.369775551 2.162907626 150.363791413 2.146792268 150.36335354 2.146951848 150.363244045 2.146656974 150.362157077 2.147053114 150.361818944 2.146095472 150.363341324 2.145545954 150.357529696 2.129086399 150.357084866 2.129241547 150.356982317 2.128951109 150.356816244 2.129009032 150.352631951 2.11774013 150.352644325 2.11773553 150.35195052 2.115852293 150.346271604 2.099767851 150.346055595 2.09984319 150.340274262 2.083783266 150.339831863 2.083939694 150.339726854 2.083647988 150.339640783 2.083678422 150.335344953 2.07201731 150.33490013 2.072177229 150.334793404 2.071887518 150.333692559 2.072283284 150.333373469 2.071396854 150.334909694 2.070834917 150.329016878 2.054464572 150.32856904 2.054622922 150.32846532 2.054334784 150.311929911 2.060181394 150.312483367 2.061730183 150.311858437 2.061951142 150.311372389 2.060584797 150.310922245 2.060740092 150.310820836 2.060455018 150.293974281 2.066266828 150.294361984 2.067364989 150.279375224 2.072663719 150.279929803 2.074215713 150.279302557 2.074437479 150.278816097 2.073069924 150.278368258 2.073224416 150.278266136 2.072937327 150.26141936 2.07874888 150.261809137 2.079852958 150.246825488 2.085150074 150.247380024 2.086702074 150.246752769 2.086923822 150.246266395 2.085556391 150.245818539 2.085710873 150.245716379 2.085423652 150.228869309 2.091234729 150.229258805 2.092338103 150.214274803 2.097635004 150.214829319 2.099187023,mast:JWST/product/jw05893-o012_t012_nircam_clear-f200w_i2d.jpg,mast:JWST/product/jw05893-o012_t012_nircam_clear-f200w_i2d.fits,PUBLIC,False,,266381594,1755.0,2226.0,0.0,835615,150.271491894735,2.19579742195885,F200W,60812.532027939815
science,JWST,CALJWST,NIRCAM/IMAGE,JWST,F356W,INFRARED,C3D-12_CWEBTILE-4-15,,jw05893-o012_t012_nircam_clear-f356w,150.30766291666666,2.0890583333333335,image,"Kakiichi, Koki",3,60812.562598275465,60817.53647201389,7472.784,INFRARED,3140.0,3980.0,COSMOS-3D: A Legacy Spectroscopic/Imaging Survey of the Early Universe,60817.92372674,5893,GO,,POLYGON 150.212537774 2.147847445 150.214853534 2.154100102 150.214818981 2.154112213 150.216227207 2.157914464 150.218995298 2.165668288 150.219034927 2.165653394 150.221276737 2.171932921 150.221401823 2.171885907 150.227434784 2.188174526 150.227787215 2.18804139 150.238694163 2.217488564 150.238909981 2.217410345 150.272320645 2.204788468 150.27226091 2.204623399 150.304872967 2.19230243 150.304813047 2.192136858 150.337425271 2.179814688 150.337364824 2.179647673 150.369976127 2.167325085 150.368460578 2.16313782 150.369037723 2.16291973 150.359746614 2.137249124 150.356963808 2.129583944 150.356389187 2.129785418 150.345707459 2.100271036 150.345609759 2.100305291 150.33968578 2.084092097 150.339194289 2.084263702 150.328422544 2.054781706 150.327843317 2.054983942 150.327085084 2.052908621 150.293201201 2.0647386 150.29356041 2.0657447 150.260647249 2.077235093 150.261003799 2.078233784 150.228097344 2.089720686 150.228453643 2.090718759 150.19554639 2.102205235 150.207735752 2.136351091 150.207775183 2.136336271 150.210016927 2.142615864 150.210677155 2.142367714 150.212622727 2.147817668,mast:JWST/product/jw05893-o012_t012_nircam_clear-f356w_i2d.jpg,mast:JWST/product/jw05893-o012_t012_nircam_clear-f356w_i2d.fits,PUBLIC,False,,266380943,3140.0,3980.0,0.0,835615,150.271491894735,2.19579742195885,F356W,60812.562598275465
science,JWST,CALJWST,NIRCAM/IMAGE,JWST,F115W,INFRARED,C3D-16_CWEBTILE-2-15,,jw05893-o016_t016_nircam_clear-f115w,150.37368791666668,2.270233333333333,image,"Kakiichi, Koki",3,60812.78772472222,60818.78384246528,7472.784,INFRARED,1013.0000000000001,1282.0,COSMOS-3D: A Legacy Spectroscopic/Imaging Survey of the Early Universe,60819.61305545,5893,GO,,POLYGON 150.259650657 2.221803052 150.259123529 2.221993557 150.258681356 2.220750323 150.259239192 2.220549276 150.253340944 2.203965127 150.252733103 2.204174763 150.251997943 2.202107689 150.235151032 2.207917871 150.241091902 2.224748074 150.241153714 2.224725797 150.241598002 2.225984422 150.24150293 2.22601878 150.247599486 2.24288237 150.247613831 2.242876959 150.249880704 2.24914719 150.25052894 2.248902689 150.252351436 2.254065285 150.252373396 2.254057371 150.252831471 2.255311057 150.252762496 2.255335985 150.258859486 2.27219946 150.25887382 2.272194053 150.26114087 2.278464336 150.261230354 2.278430584 150.267335563 2.294451958 150.267631716 2.294336964 150.270003269 2.300826965 150.269965285 2.300841114 150.271014945 2.303595501 150.271840181 2.305853821 150.271871245 2.30584249 150.27233957 2.307071402 150.272246727 2.307105986 150.278596444 2.323767864 150.278627485 2.323756914 150.295192431 2.317324582 150.293617665 2.313163825 150.29425384 2.312916787 150.28802896 2.296469555 150.287502933 2.296665509 150.287097755 2.2955384 150.28766884 2.295330089 150.282433974 2.280767802 150.285033162 2.28772027 150.285431529 2.28757023 150.287386378 2.293016651 150.287415502 2.293006143 150.287881619 2.294304792 150.287859496 2.294312852 150.288485353 2.295986856 150.289667893 2.299281517 150.289711275 2.299265865 150.290194459 2.300558246 150.290141014 2.300577718 150.296294665 2.317036852 150.312689964 2.310861449 150.312633193 2.31070854 150.327748445 2.304838617 150.326173648 2.300678075 150.326809438 2.300431166 150.3205842 2.283984092 150.320058532 2.284179929 150.319653328 2.283052831 150.320224054 2.282844633 150.315010408 2.268342391 150.317587555 2.275235586 150.3179868 2.275085205 150.319941655 2.280531318 150.319971059 2.280520708 150.320437206 2.281819346 150.320414798 2.281827511 150.321049016 2.28352378 150.32222348 2.286795697 150.322266546 2.286780158 150.322749755 2.288072532 150.322696631 2.288091888 150.328850664 2.304550856 150.345245653 2.298375021 150.345189235 2.298223076 150.360302421 2.292353736 150.358727528 2.288193026 150.359363651 2.287945977 150.353138289 2.27149897 150.352612308 2.271694931 150.352207096 2.270567835 150.352778133 2.270359515 150.347518955 2.255730992 150.350142808 2.262748303 150.350540151 2.262598619 150.352495609 2.268046256 150.352524804 2.268035721 150.35299096 2.269334356 150.352968763 2.269342444 150.353596925 2.271022471 150.354777331 2.27431087 150.354820621 2.274295249 150.355303841 2.275587616 150.35525049 2.275607056 150.361404627 2.292065965 150.377799414 2.285889974 150.37774156 2.285734163 150.392853856 2.279864607 150.391279779 2.275706385 150.391918489 2.275458305 150.38569263 2.259011505 150.385164073 2.259208448 150.384758825 2.258081347 150.38533244 2.257872063 150.38005474 2.243193437 150.382697062 2.250260129 150.383095771 2.250109928 150.385051793 2.255558591 150.385076604 2.255549637 150.385542799 2.256848272 150.385524987 2.256854763 150.386028897 2.258202347 150.387328284 2.261821903 150.387375953 2.261804701 150.387859207 2.263097037 150.387801477 2.263118075 150.393956044 2.279576804 150.410350508 2.273400333 150.408800266 2.269225592 150.409408022 2.268996618 150.40924958 2.26854833 150.403364275 2.252699419 150.40280603 2.252902862 150.402364265 2.25165176 150.402914539 2.25145317 150.397102682 2.234993716 150.39649464 2.235205735 150.396444774 2.235071438 150.395761628 2.233136704 150.395730434 2.233147581 150.392215005 2.223679769 150.392278457 2.223656182 150.390211182 2.218047181 150.385843249 2.20567581 150.385676501 2.205733951 150.379906518 2.189704402 150.379380263 2.189890472 150.374975738 2.177938765 150.374391904 2.178148663 150.373966456 2.176966632 150.374540646 2.176756657 150.368648448 2.160386107 150.368043267 2.160600072 150.367296563 2.158525466 150.350760241 2.164371914 150.356678004 2.180933762 150.356721083 2.180918009 150.357112726 2.182014092 150.35707535 2.182027529 150.362096119 2.195881909 150.361654122 2.196034393 150.360919108 2.193968286 150.360859584 2.193988821 150.357312935 2.184344167 150.356784104 2.184535332 150.356341864 2.183292123 150.356901397 2.183090418 150.351002194 2.166506661 150.350387616 2.166718672 150.349650348 2.16464607 150.332804258 2.17045741 150.333195855 2.171566583 150.318213096 2.176863539 150.324130736 2.193425445 150.324168796 2.193411528 150.32456043 2.194507588 150.324528075 2.194519219 150.329546549 2.208367598 150.329099946 2.208521653 150.328364854 2.206455116 150.328303022 2.206476445 150.324756534 2.196832176 150.32422959 2.197022655 150.32378735 2.195779444 150.324344997 2.195578423 150.318445819 2.178994642 150.317838281 2.17920422 150.317103189 2.177137684 150.300256902 2.182948849 150.300646456 2.184052262 150.285660939 2.18934949 150.291577981 2.205911631 150.291616129 2.205897683 150.292007721 2.206993756 150.291975279 2.207005417 150.296992727 2.220852539 150.296546501 2.221006457 150.295811421 2.218939894 150.295749299 2.218961322 150.292203753 2.209318517 150.291676832 2.209508962 150.291234641 2.208265736 150.291792263 2.208064751 150.285893692 2.191480733 150.285286086 2.191690305 150.284551015 2.18962359 150.267704357 2.195434096 150.268093575 2.196536686 150.253107881 2.20183361 150.259024655 2.218395864 150.259062767 2.218381931 150.259454342 2.219478011 150.259421936 2.219489658 150.264439301 2.233337262 150.263992363 2.233491411 150.263257275 2.2314247 150.263195982 2.23144584,mast:JWST/product/jw05893-o016_t016_nircam_clear-f115w_i2d.jpg,mast:JWST/product/jw05893-o016_t016_nircam_clear-f115w_i2d.fits,PUBLIC,False,,266453986,1013.0000000000001,1282.0,0.0,835615,150.271491894735,2.19579742195885,F115W,60812.78772472222
science,JWST,CALJWST,NIRCAM/IMAGE,JWST,F356W,INFRARED,C3D-16_CWEBTILE-2-15,,jw05893-o016_t016_nircam_clear-f356w,150.37368791666668,2.270233333333333,image,"Kakiichi, Koki",3,60812.78772472222,60818.78384246528,7472.784,INFRARED,3140.0,3980.0,COSMOS-3D: A Legacy Spectroscopic/Imaging Survey of the Early Universe,60819.61305545,5893,GO,,POLYGON 150.252669006 2.253892687 150.254984734 2.260145417 150.254950276 2.260157493 150.256372262 2.263996974 150.259127005 2.271713273 150.259166498 2.271698431 150.261408391 2.277978148 150.261533034 2.277931307 150.267565981 2.294220186 150.267919039 2.294086835 150.278822422 2.323524068 150.279787789 2.32317423 150.312455346 2.310834705 150.312395475 2.310669263 150.345011035 2.298348283 150.344951514 2.298183821 150.377564798 2.285863238 150.377505329 2.285698924 150.410121917 2.273375892 150.408604918 2.269184692 150.409180449 2.268967237 150.400031788 2.243690931 150.397105733 2.235631435 150.396533633 2.235832002 150.385849954 2.206311737 150.385749664 2.206346895 150.379827549 2.190139202 150.379338827 2.19030982 150.368565132 2.16082192 150.367982274 2.161025391 150.367228441 2.158962105 150.333341969 2.170791282 150.333698984 2.171791244 150.300783762 2.183280885 150.301140508 2.184280118 150.268231206 2.195766151 150.268587615 2.196764556 150.235677879 2.208249937 150.247867009 2.242396188 150.247906511 2.242381344 150.250148227 2.248661008 150.250808753 2.248412787 150.252754368 2.253862772,mast:JWST/product/jw05893-o016_t016_nircam_clear-f356w_i2d.jpg,mast:JWST/product/jw05893-o016_t016_nircam_clear-f356w_i2d.fits,PUBLIC,False,,266452905,3140.0,3980.0,0.0,835615,150.271491894735,2.19579742195885,F356W,60812.78772472222
science,JWST,CALJWST,NIRCAM/IMAGE,JWST,F200W,INFRARED,C3D-16_CWEBTILE-2-15,,jw05893-o016_t016_nircam_clear-f200w,150.37368791666668,2.270233333333333,image,"Kakiichi, Koki",3,60812.75702994213,60818.76495358796,14945.568,INFRARED,1755.0,2226.0,COSMOS-3D: A Legacy Spectroscopic/Imaging Survey of the Early Universe,60819.61305545,5893,GO,,POLYGON 150.254335024 2.205454103 150.253848593 2.204086417 150.253400822 2.204240834 150.253298755 2.203953852 150.236450083 2.209764086 150.237002772 2.211329886 150.235472883 2.211857455 150.236025579 2.21342327 150.234495728 2.213950825 150.240436765 2.230781886 150.240882932 2.230621103 150.240986503 2.230914516 150.242034437 2.230536873 150.242381736 2.23149774 150.240848217 2.232051813 150.246943745 2.248916022 150.247385415 2.24874947 150.247493548 2.249048629 150.247760051 2.248948131 150.251696357 2.260098914 150.251768001 2.260073095 150.252225861 2.261326191 150.252107839 2.261368835 150.258203761 2.278232945 150.258343006 2.278180435 150.264460655 2.294235399 150.264756845 2.294120383 150.268965191 2.305637044 150.269407659 2.305475648 150.269515088 2.305769637 150.270573215 2.305383669 150.27092602 2.306309506 150.269371795 2.306888525 150.275721768 2.323552044 150.276156796 2.32338311 150.276268841 2.323677132 150.276510656 2.32359183 150.292867155 2.317239975 150.292301586 2.315745728 150.292926429 2.315503073 150.293418751 2.316819904 150.293857352 2.316654711 150.29396867 2.316952455 150.310364875 2.310776892 150.310308387 2.31062475 150.325422422 2.304755017 150.324856761 2.303260595 150.325482397 2.303017613 150.325974713 2.304334333 150.32641249 2.304169436 150.326523924 2.304467477 150.342919872 2.29829162 150.342863334 2.29813935 150.357977084 2.292269405 150.35740906 2.290768798 150.358033996 2.290526079 150.358528725 2.291849231 150.358967227 2.291684055 150.359078572 2.291981847 150.375474281 2.285805736 150.375417478 2.285652757 150.390531585 2.279782128 150.389965531 2.278286841 150.390592134 2.278043448 150.391085215 2.279362068 150.391521991 2.279197524 150.391633055 2.279494539 150.408028446 2.273317964 150.407465952 2.271803201 150.409005206 2.271223305 150.408443448 2.269710543 150.40998049 2.269131477 150.409926774 2.268979491 150.40393206 2.252836142 150.403492219 2.252996422 150.403381609 2.252698554 150.402296479 2.253093979 150.401959397 2.252139336 150.403481954 2.251589816 150.39767014 2.235130187 150.397223289 2.235286022 150.397119685 2.234992601 150.396956076 2.235049658 150.392772856 2.223783604 150.392784581 2.223779246 150.392108826 2.221945054 150.386412397 2.205810878 150.38619553 2.205886505 150.380414136 2.189826813 150.379969757 2.189983923 150.379863671 2.189689232 150.379780533 2.189718625 150.375485677 2.178060067 150.375035091 2.178222034 150.374927995 2.177931313 150.373832708 2.178325021 150.373513981 2.177439593 150.375050417 2.176877661 150.369157608 2.160507171 150.368704018 2.160667531 150.368599946 2.16037841 150.352063254 2.166224572 150.352617832 2.167776528 150.351998569 2.16799545 150.351511761 2.166626948 150.351055845 2.166784211 150.350954093 2.166498167 150.334106227 2.17230951 150.334495872 2.173413191 150.319513093 2.178709849 150.320067728 2.180261983 150.319440412 2.180483744 150.318953902 2.179116062 150.318506046 2.17927054 150.318403919 2.178983439 150.30155588 2.184794679 150.301945875 2.185899365 150.286960783 2.191196136 150.287515321 2.192748179 150.286888006 2.192969912 150.286401593 2.191602343 150.285953716 2.191756807 150.285851592 2.19146968 150.269003181 2.197280259 150.26939281 2.198384036 150.25440796 2.203680331 150.254962457 2.205232344,mast:JWST/product/jw05893-o016_t016_nircam_clear-f200w_i2d.jpg,mast:JWST/product/jw05893-o016_t016_nircam_clear-f200w_i2d.fits,PUBLIC,False,,266453987,1755.0,2226.0,2.12540920397266,835615,150.271491894735,2.19579742195885,F200W,60812.75702994213
science,HST,HAP-SVM,ACS/WFC,HAP,F814W,OPTICAL,ANY,UNIDENTIFIED;PARALLEL FIELD,hst_13294_02_acs_wfc_f814w_jccb02,150.2770780724,2.197233795936,image,"Karim, Alexander",3,56729.40471218,56729.53700468,5066.0,OPTICAL,708.0,959.0,,57094.63723374,13294,HAP,,POLYGON 150.25517643722685 2.1587239517315404 150.2388579992819 2.213126414891247 150.29448307883882 2.2331544924891706 150.30207168095012 2.206168268636554 150.30904846472353 2.179612574417322 150.2837245328295 2.1695573824817136 150.25517643722685 2.1587239517315404,mast:HST/product/hst_13294_02_acs_wfc_f814w_jccb02_drc.jpg,mast:HST/product/hst_13294_02_acs_wfc_f814w_jccb02_drc.fits,PUBLIC,False,,26462967,708.0,959.0,0.0,835615,150.271491894735,2.19579742195885,F814W,56729.40471218
science,HST,HAP-SVM,ACS/WFC,HAP,detection,,ANY,UNIDENTIFIED;PARALLEL FIELD,hst_13294_02_acs_wfc_total_jccb02,150.2770780724,2.197233795936,image,"Karim, Alexander",3,56729.40471218,56729.53700468,5066.0,,,,,57094.63723374,13294,HAP,,POLYGON 150.25516253774748 2.1587795070809115 150.23885799961627 2.213112526006343 150.29446917939836 2.233154492674731 150.30214117130492 2.2058627118525753 150.30903456578443 2.1796125747327273 150.28243193721576 2.169057389632484 150.25516253774748 2.1587795070809115,mast:HST/product/hst_13294_02_acs_wfc_total_jccb02_drc.jpg,mast:HST/product/hst_13294_02_acs_wfc_total_jccb02_drc.fits,PUBLIC,False,,26462995,,,0.0,835615,150.271491894735,2.19579742195885,,56729.40471218
science,HST,HAP-SVM,WFC3/IR,HAP,F160W,INFRARED,COSMOS-F160W-92,UNIDENTIFIED;BLANK FIELD,hst_16259_9h_wfc3_ir_f160w_iedw9h,150.2530875,2.388091666667,image,"Momcheva, Ivelina",3,59267.19589209,59267.22489579,1773.491242,INFRARED,1393.8999999999999,1692.4,,59267.35701394,16259,HAP,,POLYGON 150.26383279415967 2.104518446946789 150.2302514395321 2.1095770663409708 150.23631140399706 2.145237577699755 150.2358479474365 2.1459500703227774 150.23099954219148 2.146983134216111 150.24315576906125 2.2183043690082376 150.24258533779854 2.218945615395663 150.2339932549712 2.220406163125053 150.24019638422442 2.256031217845184 150.23976854717142 2.2567080894511165 150.23381454228726 2.257741154304813 150.23998217318817 2.293330585499662 150.23944736436664 2.2940074558110783 150.23466977449672 2.2950761571754663 150.24133673059674 2.333052430150941 150.23181694749925 2.3349760757675497 150.23802051184276 2.370636671706076 150.23748567470523 2.3712066641313805 150.2326721756691 2.372168478224661 150.23933943422455 2.410002092930427 150.2727493987206 2.4037676495172122 150.26661615378939 2.368285413775848 150.26711532190265 2.3676085358138743 150.27189312462534 2.3664328532287513 150.2655461205537 2.329846152137294 150.2504999437404 2.331948093317091 150.24971554517114 2.3316630930354254 150.25049994432254 2.331093094768378 150.27474491329303 2.326532910882969 150.26857629131135 2.290979280833823 150.26911108672567 2.2904092745893525 150.2738886356599 2.2893404583968464 150.2677201911703 2.253679921298177 150.27406632033245 2.251827337003567 150.26789803105962 2.216202427669222 150.27698916192927 2.2138866756593267 150.26490261595396 2.142921978215418 150.26547300821264 2.1423519754028377 150.27021442323203 2.1412475543607785 150.26383279415967 2.104518446946789,mast:HST/product/hst_16259_9h_wfc3_ir_f160w_iedw9h_drz.jpg,mast:HST/product/hst_16259_9h_wfc3_ir_f160w_iedw9h_drz.fits,PUBLIC,False,,26720627,1393.8999999999999,1692.4,0.0,835615,150.271491894735,2.19579742195885,F160W,59267.19589209
science,HST,HAP-SVM,WFC3/IR,HAP,detection,,COSMOS-F160W-92,UNIDENTIFIED;BLANK FIELD,hst_16259_9h_wfc3_ir_total_iedw9h,150.2530875,2.388091666667,image,"Momcheva, Ivelina",3,59267.19589209,59267.22489579,1773.491242,,,,,59267.35701394,16259,HAP,,POLYGON 150.26383279506695 2.1046253211891184 150.2310357203843 2.1094345777895103 150.2301801398891 2.109683939653897 150.23025142756345 2.1103964358992515 150.23631140399706 2.145237577699755 150.2358479474365 2.1459500703227774 150.23110649605462 2.1466981367134372 150.23110648356862 2.147588758390257 150.24315576906125 2.2183043690082376 150.24258533779854 2.218945615395663 150.23402890758442 2.2203349135783417 150.24019638422442 2.256031217845184 150.23976854717142 2.2567080894511165 150.23385019539245 2.257705529739021 150.23998217318817 2.293330585499662 150.23944736436664 2.2940074558110783 150.23470542808562 2.2950761575938277 150.2409801969644 2.3314493053374354 150.24172893058082 2.333016807986653 150.2318526025468 2.3349404513337038 150.23802051184276 2.370636671706076 150.23748567470523 2.3712066641313805 150.232707831148 2.372168478708491 150.2389828823942 2.4085770998246097 150.23937509449325 2.409538971555839 150.2401951894296 2.409823976560422 150.2727493987206 2.4037676495172122 150.26661615378939 2.368285413775848 150.26711532190265 2.3676085358138743 150.27189312462534 2.3664328532287513 150.2655461212426 2.3299174020194755 150.2504999437404 2.331948093317091 150.24971554517114 2.3316630930354254 150.25049994432254 2.331093094768378 150.27474491329303 2.326532910882969 150.26857629131135 2.290979280833823 150.26911108672567 2.2904092745893525 150.2738886356599 2.2893404583968464 150.2677201911703 2.253679921298177 150.27406632033245 2.251827337003567 150.26789803105962 2.216202427669222 150.27698916192927 2.2138866756593267 150.26490261595396 2.142921978215418 150.26547300821264 2.1423519754028377 150.27021442323203 2.1412475543607785 150.26383279506695 2.1046253211891184,mast:HST/product/hst_16259_9h_wfc3_ir_total_iedw9h_drz.jpg,mast:HST/product/hst_16259_9h_wfc3_ir_total_iedw9h_drz.fits,PUBLIC,False,,26720628,,,0.0,835615,150.271491894735,2.19579742195885,,59267.19589209
science,HST,HAP-SVM,WFC3/IR,HAP,F160W,INFRARED,COSMOS-F160W-26,UNIDENTIFIED;BLANK FIELD,hst_16259_ao_wfc3_ir_f160w_iedwao,150.3501841667,2.219883333333,image,"Momcheva, Ivelina",3,59312.60586788,59312.6348601,1773.491242,INFRARED,1393.8999999999999,1692.4,,59312.88297444,16259,HAP,,POLYGON 150.2723524931094 2.129529647120709 150.2577346369866 2.160130827883953 150.27170926761454 2.166900200055044 150.2575188689088 2.1970739061850644 150.39452893540937 2.258919489212345 150.4081466830845 2.2278895255828868 150.39506217014798 2.221406389113378 150.4083230818896 2.1909108023261528 150.2723524931094 2.129529647120709,mast:HST/product/hst_16259_ao_wfc3_ir_f160w_iedwao_drz.jpg,mast:HST/product/hst_16259_ao_wfc3_ir_f160w_iedwao_drz.fits,PUBLIC,False,,60683232,1393.8999999999999,1692.4,0.0,835615,150.271491894735,2.19579742195885,F160W,59312.60586788
science,HST,HAP-SVM,WFC3/IR,HAP,detection,,COSMOS-F160W-26,UNIDENTIFIED;BLANK FIELD,hst_16259_ao_wfc3_ir_total_iedwao,150.3501841667,2.219883333333,image,"Momcheva, Ivelina",3,59312.60586788,59312.6348601,1773.491242,,,,,59312.88297444,16259,HAP,,POLYGON 150.4083230818896 2.1909108023261528 150.2722098934283 2.129565266436785 150.2577702890463 2.1600952046925688 150.27170926761454 2.166900200055044 150.25759018019224 2.1968957849406014 150.36033775519843 2.2436017987789736 150.39313845803363 2.2583139233837275 150.3946358772024 2.2585276104158494 150.4081466830845 2.2278895255828868 150.39502651840155 2.2214063906068016 150.4083230818896 2.1909108023261528,mast:HST/product/hst_16259_ao_wfc3_ir_total_iedwao_drz.jpg,mast:HST/product/hst_16259_ao_wfc3_ir_total_iedwao_drz.fits,PUBLIC,False,,60683233,,,0.0,835615,150.271491894735,2.19579742195885,,59312.60586788
science,HST,HAP-SVM,ACS/WFC,HAP,F435W,OPTICAL,CLUTCH-TARGET-FO,GALAXY;HIGH REDSHIFT GALAXY,hst_17802_fo_acs_wfc_f435w_jffufo,150.2408654167,2.275775,image,"Kartaltepe, Jeyhan",3,61006.6017707,61006.65372727,800.0,OPTICAL,370.0,479.99999999999994,,61006.89465273,17802,HAP,,POLYGON 150.29893318613824 2.14861941613876 150.29722365726388 2.1491611017876444 150.29666770131644 2.1482583302224003 150.26941237127912 2.1573000322121794 150.26966254159828 2.158230589420522 150.26914828570844 2.1585222521416254 150.26855064692646 2.1576194698401774 150.24215671946314 2.166299579445155 150.25269154062946 2.1919664748668795 150.26372710034508 2.217452748088532 150.2654228188733 2.2169944336017156 150.26596488301658 2.217813883299243 150.29198431166355 2.21013336374245 150.2917202199575 2.2092444769943227 150.29212329541645 2.20899447405931 150.29279046437327 2.2098278020256865 150.3196574445146 2.2015217919523256 150.29893318613824 2.14861941613876,mast:HST/product/hst_17802_fo_acs_wfc_f435w_jffufo_drc.jpg,mast:HST/product/hst_17802_fo_acs_wfc_f435w_jffufo_drc.fits,PUBLIC,False,,361753175,370.0,479.99999999999994,0.0,835615,150.271491894735,2.19579742195885,F435W,61006.6017707
science,HST,HAP-SVM,ACS/WFC,HAP,F606W,OPTICAL,CLUTCH-TARGET-FO,GALAXY;HIGH REDSHIFT GALAXY,hst_17802_fo_acs_wfc_f606w_jffufo,150.2408654167,2.275775,image,"Kartaltepe, Jeyhan",3,61006.58759255,61006.5987969,800.0,OPTICAL,470.0,720.0,,61006.72329854,17802,HAP,,POLYGON 150.29894708663028 2.1487721936869897 150.29719586114587 2.1492722131499495 150.29665380382835 2.1483694414294745 150.26941237042985 2.157411143297069 150.26964864181232 2.158369478176202 150.26916218358957 2.1586333633357655 150.26855064601347 2.1577305809252696 150.24210111882343 2.166507911290215 150.25321967915474 2.1933553734057036 150.2637131997809 2.2175638589955353 150.26540891843854 2.2171055445266212 150.26599268050842 2.217924994647618 150.29195651413104 2.2102583639210307 150.29170632183863 2.2093972548406082 150.29192870761838 2.2091611421468342 150.2922483890937 2.2090916953116517 150.2927626669136 2.2099528022195596 150.3196157506714 2.201660681878639 150.29894708663028 2.1487721936869897,mast:HST/product/hst_17802_fo_acs_wfc_f606w_jffufo_drc.jpg,mast:HST/product/hst_17802_fo_acs_wfc_f606w_jffufo_drc.fits,PUBLIC,False,,361753174,470.0,720.0,0.0,835615,150.271491894735,2.19579742195885,F606W,61006.58759255
science,HST,HAP-SVM,ACS/WFC,HAP,detection,,CLUTCH-TARGET-FO,GALAXY;HIGH REDSHIFT GALAXY,hst_17802_fo_acs_wfc_total_jffufo,150.2408654167,2.275775,image,"Kartaltepe, Jeyhan",3,61006.58759255,61006.65372727,1600.0,,,,,61006.89465273,17802,HAP,,POLYGON 150.3196574434396 2.2014801252990885 150.2989053888253 2.1486194164663566 150.29719585994044 2.1491611020842525 150.2967649921839 2.14828610698204 150.2965426138692 2.1482999981560473 150.26941237127912 2.1573000322121794 150.26960694650904 2.158244477895107 150.26914828570844 2.1585222521416254 150.26855064692646 2.1576194698401774 150.24217061827818 2.1662995798000573 150.2517464463633 2.189827568206391 150.26371319993976 2.217549970112035 150.26542281772896 2.2171055446717647 150.2659370831779 2.217938882970856 150.2685640567207 2.2171889074399593 150.29195651413104 2.2102583639210307 150.2917619182148 2.2093278100058957 150.29206769948257 2.2091194744515787 150.2923873823233 2.209230583103686 150.2927626669136 2.2099528022195596 150.31792006863944 2.202202391406303 150.31954625567502 2.201688461448718 150.3196574434396 2.2014801252990885,mast:HST/product/hst_17802_fo_acs_wfc_total_jffufo_drc.jpg,mast:HST/product/hst_17802_fo_acs_wfc_total_jffufo_drc.fits,PUBLIC,False,,361753176,,,0.0,835615,150.271491894735,2.19579742195885,,61006.58759255
science,HST,HAP-SVM,ACS/WFC,HAP,F435W,OPTICAL,CLUTCH-TARGET-FP,GALAXY;HIGH REDSHIFT GALAXY,hst_17802_fp_acs_wfc_f435w_jffufp,150.2288158333,2.307147222222,image,"Kartaltepe, Jeyhan",3,61011.56158551,61011.57361134,800.0,OPTICAL,370.0,479.99999999999994,,61012.19991892,17802,HAP,,POLYGON 150.30759025223907 2.2328113374314276 150.28685164824654 2.180006189818581 150.28515598301465 2.1805478755986445 150.28462781329134 2.1796451038330735 150.2573441201915 2.1887006958265944 150.25760819476275 2.1896173642777894 150.2571078271897 2.1899090270607453 150.25652407508815 2.189006244821283 150.23006009793772 2.1977835693712753 150.24151245326792 2.225422707448988 150.25164482247362 2.2488256330538445 150.25335447686385 2.248367318977247 150.25388265273654 2.2492006574900354 150.25588419926078 2.2486312323378916 150.27991653600597 2.2415201382875347 150.27966633839515 2.2406729181246887 150.2798748293477 2.2404368055058286 150.28019451759374 2.2403673586301487 150.28072270584232 2.2412145764739715 150.30759025223907 2.2328113374314276,mast:HST/product/hst_17802_fp_acs_wfc_f435w_jffufp_drc.jpg,mast:HST/product/hst_17802_fp_acs_wfc_f435w_jffufp_drc.fits,PUBLIC,False,,362959698,370.0,479.99999999999994,0.0,835615,150.271491894735,2.19579742195885,F435W,61011.56158551
science,HST,HAP-SVM,ACS/WFC,HAP,F606W,OPTICAL,CLUTCH-TARGET-FP,GALAXY;HIGH REDSHIFT GALAXY,hst_17802_fp_acs_wfc_f606w_jffufp,150.2288158333,2.307147222222,image,"Kartaltepe, Jeyhan",3,61011.50137736,61011.55861134,800.0,OPTICAL,470.0,720.0,,61011.9794328,17802,HAP,,POLYGON 150.28680995293274 2.180131190263356 150.28511428754177 2.180672875999169 150.2845444208246 2.179756215769408 150.25727462419283 2.188811806378967 150.25753869852932 2.1897562526155836 150.25706612919467 2.190020137821807 150.25645457901402 2.1891173553358234 150.2300044982382 2.197908567888848 150.24177652529974 2.2262977121812835 150.25161702184192 2.2489506326785946 150.25329887721003 2.248492318341991 150.25382705309576 2.249325656872839 150.27984703932552 2.2416451387837846 150.2795968416321 2.240784029724752 150.27981923212468 2.2405479170117846 150.2801250208849 2.2404784702554834 150.28065320924463 2.241339577008636 150.30750686179894 2.233047450661507 150.28680995293274 2.180131190263356,mast:HST/product/hst_17802_fp_acs_wfc_f606w_jffufp_drc.jpg,mast:HST/product/hst_17802_fp_acs_wfc_f606w_jffufp_drc.fits,PUBLIC,False,,362959624,470.0,720.0,0.0,835615,150.271491894735,2.19579742195885,F606W,61011.50137736
science,HST,HAP-SVM,ACS/WFC,HAP,detection,,CLUTCH-TARGET-FP,GALAXY;HIGH REDSHIFT GALAXY,hst_17802_fp_acs_wfc_total_jffufp,150.2288158333,2.307147222222,image,"Kartaltepe, Jeyhan",3,61011.50137736,61011.57361134,1600.0,,,,,61012.19991892,17802,HAP,,POLYGON 150.30759025333 2.232853004084693 150.28686554736004 2.180020078535091 150.2851559831679 2.180561764481849 150.2845444199395 2.179672882471519 150.2573441201915 2.1887006958265944 150.2572190274299 2.188895139264392 150.25751090109213 2.189672919091478 150.25731631329793 2.18983958424333 150.25688544381327 2.189756247565423 150.25652407508815 2.189006244821283 150.23000449933 2.1978669012356282 150.24106768908422 2.2245893659465623 150.25160312241198 2.248936743631453 150.25331277679732 2.2484923184894696 150.25382705309576 2.249325656872839 150.2558702987009 2.2487423432855915 150.27984703932552 2.2416451387837846 150.27999993272036 2.2414645821105634 150.27969413773008 2.240714584576494 150.2799582269433 2.240506249304307 150.28029181632706 2.2406451355907637 150.28065320924463 2.241339577008636 150.30617252668566 2.2334780405637624 150.30743736533822 2.233075230256039 150.30759025333 2.232853004084693,mast:HST/product/hst_17802_fp_acs_wfc_total_jffufp_drc.jpg,mast:HST/product/hst_17802_fp_acs_wfc_total_jffufp_drc.fits,PUBLIC,False,,362959772,,,0.0,835615,150.271491894735,2.19579742195885,,61011.50137736
science,HST,HAP-SVM,WFC3/UVIS,HAP,F275W,UV,CLUTCH-TARGET-GD,GALAXY;HIGH REDSHIFT GALAXY,hst_17802_gd_wfc3_uvis_f275w_iffugd,150.2649645833,2.213030555556,image,"Kartaltepe, Jeyhan",3,61036.61369355,61036.62757075,1060.0,UV,243.20000000000002,305.8,,61037.10362266,17802,HAP,,POLYGON 150.29476193560527 2.2007877004835037 150.25291006821308 2.1846428564241283 150.2525245913196 2.184973020368942 150.25064127831718 2.1842576451448217 150.2410371606517 2.2043316650821447 150.24296454635055 2.2052561588313133 150.2427773110121 2.205421239621475 150.24086093547328 2.2047278624366617 150.23114641149883 2.2249889108631966 150.27329656349963 2.241904754968241 150.27366002236784 2.2415415691359786 150.2755654473959 2.242278926066258 150.28515832131032 2.2216544053806424 150.28323088769173 2.2207079552922773 150.28341812015304 2.220520858292095 150.2853455499952 2.2212251859399874 150.29476193560527 2.2007877004835037,mast:HST/product/hst_17802_gd_wfc3_uvis_f275w_iffugd_drc.jpg,mast:HST/product/hst_17802_gd_wfc3_uvis_f275w_iffugd_drc.fits,PUBLIC,False,,368903025,243.20000000000002,305.8,0.0,835615,150.271491894735,2.19579742195885,F275W,61036.61369355
science,HST,HAP-SVM,WFC3/UVIS,HAP,detection,,CLUTCH-TARGET-GD,GALAXY;HIGH REDSHIFT GALAXY,hst_17802_gd_wfc3_uvis_total_iffugd,150.2649645833,2.213030555556,image,"Kartaltepe, Jeyhan",3,61036.61369355,61036.62757075,1060.0,,,,,61037.10362266,17802,HAP,,POLYGON 150.29476193560527 2.2007877004835037 150.25311932495094 2.1847749244467196 150.25278891876232 2.1846868778168895 150.2525245910084 2.185017042579959 150.2506192506539 2.1843236782788966 150.24104817468148 2.204309654135412 150.24298657436688 2.2052121369086786 150.24277731056165 2.2054542562855177 150.24084992143764 2.2047498733819952 150.23114641149883 2.2249889108631966 150.27329656349963 2.241904754968241 150.27366002236784 2.2415415691359786 150.2755213915416 2.242289931995572 150.2756425440841 2.2421358532220843 150.28514730780654 2.2216764166545127 150.28320886064012 2.220751977811859 150.28345116132243 2.220498846726647 150.28535656349268 2.221203174664654 150.29476193560527 2.2007877004835037,mast:HST/product/hst_17802_gd_wfc3_uvis_total_iffugd_drc.jpg,mast:HST/product/hst_17802_gd_wfc3_uvis_total_iffugd_drc.fits,PUBLIC,False,,368903027,,,0.0,835615,150.271491894735,2.19579742195885,,61036.61369355
science,HST,HAP-SVM,WFC3/IR,HAP,F098M,INFRARED,CLUTCH-TARGET-GR,GALAXY;HIGH REDSHIFT GALAXY,hst_17802_gr_wfc3_ir_f098m_iffugr,150.2770141667,2.181658333333,image,"Kartaltepe, Jeyhan",3,61050.65702193,61050.66919712,805.867066,INFRARED,895.5,1076.7,,61051.01001155,17802,HAP,,POLYGON 150.3019225400457 2.17418432591722 150.267127591884 2.157797020115716 150.26645023436237 2.158153265886324 150.26477467644557 2.1574407544188112 150.2506566485621 2.188327454052686 150.28438257938998 2.2042520216112247 150.28527386227844 2.2040026414681315 150.28691383038785 2.2047151304059844 150.3019225400457 2.17418432591722,mast:HST/product/hst_17802_gr_wfc3_ir_f098m_iffugr_drz.jpg,mast:HST/product/hst_17802_gr_wfc3_ir_f098m_iffugr_drz.fits,PUBLIC,False,,376914329,895.5,1076.7,0.0,835615,150.271491894735,2.19579742195885,F098M,61050.65702193
science,HST,HAP-SVM,WFC3/IR,HAP,detection,,CLUTCH-TARGET-GR,GALAXY;HIGH REDSHIFT GALAXY,hst_17802_gr_wfc3_ir_total_iffugr,150.2770141667,2.181658333333,image,"Kartaltepe, Jeyhan",3,61050.65702193,61050.66919712,805.867066,,,,,61051.01001155,17802,HAP,,POLYGON 150.26434686626357 2.1583313759957377 150.2506566485621 2.188327454052686 150.28423997350254 2.2041807724037223 150.28705643464298 2.2045370044025856 150.30167299632416 2.174825580079095 150.30117386972583 2.173792463540183 150.268410998671 2.158402652077948 150.26509552831646 2.15751200676862 150.26434686626357 2.1583313759957377,mast:HST/product/hst_17802_gr_wfc3_ir_total_iffugr_drz.jpg,mast:HST/product/hst_17802_gr_wfc3_ir_total_iffugr_drz.fits,PUBLIC,False,,376914331,,,0.0,835615,150.271491894735,2.19579742195885,,61050.65702193
science,HST,HAP-SVM,WFC3/UVIS,HAP,F275W,UV,CLUTCH-TARGET-GR,GALAXY;HIGH REDSHIFT GALAXY,hst_17802_gr_wfc3_uvis_f275w_iffugr,150.2770141667,2.181658333333,image,"Kartaltepe, Jeyhan",3,61050.67152992,61050.68540712,1060.0,UV,243.20000000000002,305.8,,61051.0315625,17802,HAP,,POLYGON 150.24319692519555 2.1936167966192235 150.2853461851745 2.2105326363798006 150.2857096363434 2.2101694505839107 150.28761502073186 2.2109068077255283 150.29720769463472 2.190271283076372 150.29528030201394 2.189335838152231 150.29546753056448 2.1891487411884 150.29739491962457 2.1898530692299945 150.30683314116484 2.1694816190655835 150.26496011828792 2.153270737816964 150.26457464942132 2.1536009017996975 150.2627023887225 2.152885526870327 150.25308746107842 2.1729595482941484 150.25501480662263 2.1738840416564074 150.25482757523585 2.1740491224826073 150.25291123967165 2.173355745685816 150.24319692519555 2.1936167966192235,mast:HST/product/hst_17802_gr_wfc3_uvis_f275w_iffugr_drc.jpg,mast:HST/product/hst_17802_gr_wfc3_uvis_f275w_iffugr_drc.fits,PUBLIC,False,,376914330,243.20000000000002,305.8,0.0,835615,150.271491894735,2.19579742195885,F275W,61050.67152992
science,HST,HAP-SVM,WFC3/UVIS,HAP,detection,,CLUTCH-TARGET-GR,GALAXY;HIGH REDSHIFT GALAXY,hst_17802_gr_wfc3_uvis_total_iffugr,150.2770141667,2.181658333333,image,"Kartaltepe, Jeyhan",3,61050.67152992,61050.68540712,1060.0,,,,,61051.0315625,17802,HAP,,POLYGON 150.30683314023474 2.1694375968521045 150.26953064401835 2.155031649686325 150.26494910458769 2.15332576550758 150.26456363578137 2.153644923935003 150.26266934819628 2.152951559917837 150.25309847487313 2.1729375373451143 150.25489366099384 2.173685940061268 150.25499277892783 2.1739390691376306 150.25482757479182 2.174082139146651 150.2528892120704 2.1733997675810617 150.24319692426306 2.1936608188326905 150.2853461851745 2.2105326363798006 150.2857096363434 2.2101694505839107 150.28763704796032 2.210873790881995 150.2971856682442 2.1903263111738465 150.29537942703246 2.1895339367970954 150.29530232846025 2.1892808100819208 150.29550057104166 2.1891267296294026 150.2973949194611 2.1898420636755107 150.30683314023474 2.1694375968521045,mast:HST/product/hst_17802_gr_wfc3_uvis_total_iffugr_drc.jpg,mast:HST/product/hst_17802_gr_wfc3_uvis_total_iffugr_drc.fits,PUBLIC,False,,376914332,,,0.0,835615,150.271491894735,2.19579742195885,,61050.67152992
science,HST,HAP-SVM,ACS/WFC,HAP,F814W,OPTICAL,COSMOS18-23,CLUSTER OF GALAXIES;BLANK SKY,hst_9822_1x_acs_wfc_f814w_j8pu1x,150.2764583333,2.178113888889,image,"Scoville, Nicholas",3,53079.26050548,53079.33368909,2028.0,OPTICAL,708.0,959.0,,53079.89790507,9822,HAP,,POLYGON 150.2410011342299 2.154699950620402 150.25214701198013 2.2100057142703324 150.25224430053805 2.210380715700451 150.25317554932923 2.210339063856249 150.31170499067377 2.2017138276268593 150.30547762859968 2.1735056338022285 150.29932002798063 2.1476446337595423 150.2734546367812 2.1504781361070595 150.2410011342299 2.154699950620402,mast:HST/product/hst_9822_1x_acs_wfc_f814w_j8pu1x_drc.jpg,mast:HST/product/hst_9822_1x_acs_wfc_f814w_j8pu1x_drc.fits,PUBLIC,False,,26349633,708.0,959.0,0.0,835615,150.271491894735,2.19579742195885,F814W,53079.26050548
science,HST,HAP-SVM,ACS/WFC,HAP,detection,,COSMOS18-23,CLUSTER OF GALAXIES;BLANK SKY,hst_9822_1x_acs_wfc_total_j8pu1x,150.2764583333,2.178113888889,image,"Scoville, Nicholas",3,53079.26050548,53079.33368909,2028.0,,,,,53079.89790507,9822,HAP,,POLYGON 150.2410289316488 2.154699951264401 150.25223040242378 2.2103112710586212 150.31160769634596 2.201699941044773 150.30574173342586 2.1748389618418447 150.2992783322498 2.1476585232688845 150.2732183592069 2.15051980229851 150.2410289316488 2.154699951264401,mast:HST/product/hst_9822_1x_acs_wfc_total_j8pu1x_drc.jpg,mast:HST/product/hst_9822_1x_acs_wfc_total_j8pu1x_drc.fits,PUBLIC,False,,26349650,,,0.0,835615,150.271491894735,2.19579742195885,,53079.26050548
science,HST,HAP-MVM,ACS/WFC,HAP,F814W,OPTICAL,ANY,CLUSTER OF GALAXIES;BLANK SKY,hst_skycell-p1360x18y12_acs_wfc_f814w_all,150.1924524156,2.238779222023,image,,3,52928.51875596,56729.53700468,101327.0,OPTICAL,708.0,959.0,,57094.63723374,,,,POLYGON 150.45073238361888 2.118325889560899 150.2068850361498 2.1180853205219194 150.2066186361816 2.3618279119475836 150.45050213155054 2.362143170478375 150.45073238361888 2.118325889560899,mast:HST/product/hst_skycell-p1360x18y12_acs_wfc_f814w_all_drc.jpg,mast:HST/product/hst_skycell-p1360x18y12_acs_wfc_f814w_all_drc.fits,PUBLIC,False,,87604982,708.0,959.0,0.0,835615,150.271491894735,2.19579742195885,F814W,52928.51875596
science,HST,CALWF3,WFC3/IR,HST,F160W,INFRARED,COSMOS-F160W-92,UNIDENTIFIED;BLANK FIELD,iedw9h010,150.2522322441,2.350985987116,image,"Momcheva, Ivelina",3,59267.20385505787,59267.22489579861,1520.556885,INFRARED,1393.8999999999999,1692.4,3D-DASH: A Wide Field WFC3/IR Survey of COSMOS,59267.35701394,16259,GO,,POLYGON 150.27509652 2.32678643 150.24151985 2.33250173 150.23500095 2.29495197 150.24042747446606 2.2940283453762764 150.23414624 2.25784626 150.24064162325439 2.2567406870793687 150.23434629 2.22047651 150.24358235220689 2.2189043979373593 150.23725866 2.18247597 150.2375034240024 2.182434307290166 150.23133685 2.14690905 150.23676268713012 2.1459854846012187 150.23048229 2.10980335 150.26405404 2.10408849 150.27057262 2.1416381 150.26514683438006 2.142561775553804 150.27142821 2.17874374 150.2711833816775 2.1787854190196629 150.27735107 2.21431048 150.26811506620643 2.2158827852741743 150.27443973 2.25231102 150.26794439084276 2.2534167427989718 150.27424071 2.28968078 150.26881423728048 2.290604525261938 150.27509652 2.32678643 150.27509652 2.32678643,mast:HST/product/iedw9h010_drz.jpg,mast:HST/product/iedw9h010_drz.fits,PUBLIC,False,,26720524,1393.8999999999999,1692.4,0.0,835615,150.271491894735,2.19579742195885,F160W,59267.20385505787
science,HST,CALWF3,WFC3/IR,HST,F160W,INFRARED,COSMOS-F160W-26,UNIDENTIFIED;BLANK FIELD,iedwao010,150.3841258047,2.235219547958,image,"Momcheva, Ivelina",3,59312.61031230324,59312.63486010417,1521.0,INFRARED,1393.8999999999999,1692.4,3D-DASH: A Wide Field WFC3/IR Survey of COSMOS,59312.88297444,16259,GO,,POLYGON 150.40851739 2.22752035 150.39448547 2.25853007 150.35968575 2.24293355 150.3735633679282 2.2122664620831891 150.35986681 2.20612766 150.359913370668 2.2060247688556998 150.3404332047447 2.19729345187555 150.32660162 2.22785737 150.29180334 2.21225923 150.29184989390518 2.2121563666396176 150.25786315 2.19692091 150.27174241312065 2.1662547796624803 150.2580467 2.16011503 150.27208055 2.12910656 150.30687675 2.14470518 150.30683019735824 2.1448080478132505 150.3408162 2.16004238 150.34076964107 2.1601452668991863 150.3747564 2.1753788 150.37470983583432 2.1754817036939849 150.40869724 2.19071446 150.39482054909391 2.22138187380291 150.40851739 2.22752035 150.40851739 2.22752035,mast:HST/product/iedwao010_drz.jpg,mast:HST/product/iedwao010_drz.fits,PUBLIC,False,,60672060,1393.8999999999999,1692.4,0.0,835615,150.271491894735,2.19579742195885,F160W,59312.61031230324
science,HST,CALWF3,WFC3/IR,HST,F098M,INFRARED,CLUTCH-TARGET-GR,GALAXY;HIGH REDSHIFT GALAXY,iffugr030,150.2770141667,2.181658333333,image,"Kartaltepe, Jeyhan",3,61050.657021956016,61050.66919710648,806.0,INFRARED,895.5,1076.7,CLUTCH: The COSMOS Legacy UV-Optical Treasury Campaign with Hubble,61051.01001155,17802,GO,,POLYGON 150.30158424 2.17437188 150.28701269 2.2051319 150.28508683950949 2.2042280463152157 150.28483656 2.20475636 150.2503162 2.18855448 150.2648884 2.1577949 150.26681409731779 2.1586987378070082 150.26706442 2.15817033 150.30158424 2.17437188 150.30158424 2.17437188,mast:HST/product/iffugr030_drz.jpg,mast:HST/product/iffugr030_drz.fits,PUBLIC,False,,376913672,895.5,1076.7,0.0,835615,150.271491894735,2.19579742195885,F098M,61050.657021956016
science,HST,CALWF3,WFC3/UVIS,HST,F275W,UV,CLUTCH-TARGET-GR,GALAXY;HIGH REDSHIFT GALAXY,iffugr040,150.2770732497,2.181532617837,image,"Kartaltepe, Jeyhan",3,61050.67152994213,61050.6854071412,1060.0,UV,243.20000000000002,305.8,CLUTCH: The COSMOS Legacy UV-Optical Treasury Campaign with Hubble,61051.0315625,17802,GO,,POLYGON 150.2971474 2.19022809 150.2874699 2.21074852 150.28548896176653 2.2099634720367254 150.28529264 2.21037975 150.24311663 2.19366452 150.25279464 2.17314436 150.25477553555805 2.173929460882829 150.25497185 2.17351321 150.2971474 2.19022809 150.2971474 2.19022809,mast:HST/product/iffugr040_drz.jpg,mast:HST/product/iffugr040_drz.fits,PUBLIC,False,,376913678,243.20000000000002,305.8,0.0,835615,150.271491894735,2.19579742195885,F275W,61050.67152994213
science,HST,CALACS,ACS/WFC,HST,F814W,OPTICAL,COSMOS18-23,CLUSTER OF GALAXIES;BLANK SKY,j8pu1x010,150.2772971134,2.177985850853,image,"Scoville, Nicholas Z.",3,53079.260505474536,53079.33367685185,2028.0,OPTICAL,708.0,959.0,The COSMOS 2-Degree ACS Survey,53079.89790507,9822,GO,,POLYGON 150.31177741999994 2.2010318600000547 150.31009110097816 2.2012486519767887 150.31009981 2.2012879800000706 150.28321302888119 2.2047442505008688 150.28328871000011 2.205109070000034 150.28160554153627 2.2053384416384034 150.28161107999992 2.205365139999985 150.2532438100001 2.2092305600001203 150.253229046732 2.2091593865583423 150.25238721 2.2092740899999823 150.24087017999997 2.1537486500001153 150.24255329678684 2.1535193229670315 150.24254774999989 2.1534925799999773 150.270914 2.14962737999987 150.27092876483917 2.14969855977399 150.27177054000015 2.1495838499999507 150.27182015939076 2.1498230573039452 150.29880348999998 2.1463544800001291 150.29881781463584 2.1464191716988306 150.29966003000004 2.1463108999998703 150.31177741999994 2.2010318600000547 150.31177741999994 2.2010318600000547,mast:HST/product/j8pu1x010_drz.jpg,mast:HST/product/j8pu1x010_drz.fits,PUBLIC,False,,24820506,708.0,959.0,0.0,835615,150.271491894735,2.19579742195885,F814W,53079.260505474536
science,HST,CALACS,ACS/WFC,HST,F814W,OPTICAL,ANY,UNIDENTIFIED;PARALLEL FIELD,jccb02010,150.2770780724,2.197233795936,image,"Karim, Alexander",3,56729.4047121875,56729.53699244213,5066.0,OPTICAL,708.0,959.0,Characterizing the formation of the primordial red sequence,57094.63723374,13294,GO,,POLYGON 150.2946973199999 2.232999430000095 150.26879942000005 2.2232226900000565 150.26880016496651 2.2232200221032583 150.26863503000015 2.2231576800000816 150.26863988766704 2.2231402835715839 150.26775725185973 2.2228070690639461 150.26763771999995 2.2232142399999604 150.24077266999996 2.2133004999999062 150.24077382355915 2.2132965707767838 150.24060828000015 2.2132354799998626 150.24061601704085 2.2132091262975004 150.23943235999994 2.2127723200000857 150.23943351090369 2.2127683998194603 150.23926797000007 2.21270731000013 150.25525610999992 2.1582468199999512 150.2821202799999 2.1681602700001132 150.28211912566238 2.1681642024102983 150.28228467000011 2.1682252899998873 150.28227692841821 2.1682516627616244 150.28346059999996 2.168688449999872 150.28345944829428 2.1686923734436974 150.28362499 2.1687534599999343 150.28354149711402 2.1690378899843608 150.30827810000011 2.1783762699999767 150.30827735177354 2.1783789499362105 150.30844248999995 2.178441290000023 150.30843763056166 2.1784586951350167 150.30961843 2.1789044500000365 150.30961768271467 2.1789071265651 150.30978283000002 2.1789694700001112 150.2946973199999 2.232999430000095 150.2946973199999 2.232999430000095,mast:HST/product/jccb02010_drz.jpg,mast:HST/product/jccb02010_drz.fits,PUBLIC,False,,24838724,708.0,959.0,0.0,835615,150.271491894735,2.19579742195885,F814W,56729.4047121875
calibration,HST,CALACS,ACS/WFC,HST,F502N,OPTICAL,BIAS,,jfcsbkx1q,150.2722796538,2.32482468865,image,"Guzman, Alyssa",1,60650.355623842595,60650.355623842595,0.0,OPTICAL,499.40000000000003,505.00000000000006,CCD Daily Monitor (Part 1),60650.42524305,17653,CAL/ACS,,POLYGON 150.31219 2.224661 150.270219 2.185441 150.24907 2.205148 150.29104 2.244369 150.31219 2.224661,mast:HST/product/jfcsbkx1q_raw.jpg,mast:HST/product/jfcsbkx1q_raw.fits,PUBLIC,False,,233337343,499.40000000000003,505.00000000000006,0.0,835615,150.271491894735,2.19579742195885,F502N,60650.355623842595
calibration,HST,CALACS,ACS/WFC,HST,F502N,OPTICAL,DARK,,jfcsbkx2q,150.2722796538,2.32482468865,image,"Guzman, Alyssa",1,60650.35726716435,60650.36480818287,650.5,OPTICAL,499.40000000000003,505.00000000000006,CCD Daily Monitor (Part 1),60650.42516203,17653,CAL/ACS,,POLYGON 150.31219 2.224661 150.270219 2.185441 150.24907 2.205148 150.29104 2.244369 150.31219 2.224661,mast:HST/product/jfcsbkx2q_raw.jpg,mast:HST/product/jfcsbkx2q_raw.fits,PUBLIC,False,,233337342,499.40000000000003,505.00000000000006,0.0,835615,150.271491894735,2.19579742195885,F502N,60650.35726716435
calibration,HST,CALACS,ACS/WFC,HST,F502N,OPTICAL,DARK,,jfcsbkx4q,150.2722796538,2.32482468865,image,"Guzman, Alyssa",1,60650.36653792824,60650.37407931713,650.5,OPTICAL,499.40000000000003,505.00000000000006,CCD Daily Monitor (Part 1),60650.60565966,17653,CAL/ACS,,POLYGON 150.31219 2.224661 150.270219 2.185441 150.24907 2.205148 150.29104 2.244369 150.31219 2.224661,mast:HST/product/jfcsbkx4q_raw.jpg,mast:HST/product/jfcsbkx4q_raw.fits,PUBLIC,False,,233337369,499.40000000000003,505.00000000000006,0.0,835615,150.271491894735,2.19579742195885,F502N,60650.36653792824
calibration,HST,CALACS,ACS/WFC,HST,F502N,OPTICAL,DARK,,jfcsblx9q,150.2722519376,2.324853936713,image,"Guzman, Alyssa",1,60650.40197789352,60650.40199560185,0.5079,OPTICAL,499.40000000000003,505.00000000000006,CCD Daily Monitor (Part 1),60650.60578698,17653,CAL/ACS,,POLYGON 150.312163 2.22469 150.270192 2.18547 150.249042 2.205177 150.291013 2.244398 150.312163 2.22469,mast:HST/product/jfcsblx9q_raw.jpg,mast:HST/product/jfcsblx9q_raw.fits,PUBLIC,False,,233337370,499.40000000000003,505.00000000000006,0.0,835615,150.271491894735,2.19579742195885,F502N,60650.40197789352
calibration,HST,CALACS,ACS/WFC,HST,F502N,OPTICAL,DARK,,jfcsblxaq,150.2722519376,2.324853936713,image,"Guzman, Alyssa",1,60650.40372569444,60650.41126670139,650.5,OPTICAL,499.40000000000003,505.00000000000006,CCD Daily Monitor (Part 1),60650.60576383,17653,CAL/ACS,,POLYGON 150.312163 2.22469 150.270192 2.18547 150.249042 2.205177 150.291013 2.244398 150.312163 2.22469,mast:HST/product/jfcsblxaq_raw.jpg,mast:HST/product/jfcsblxaq_raw.fits,PUBLIC,False,,233337367,499.40000000000003,505.00000000000006,0.0,835615,150.271491894735,2.19579742195885,F502N,60650.40372569444
science,HST,CALACS,ACS/WFC,HST,F606W,OPTICAL,CLUTCH-TARGET-FO,GALAXY;HIGH REDSHIFT GALAXY,jffufo010,150.2788140339,2.185510525251,image,"Kartaltepe, Jeyhan",3,61006.58759255787,61006.59878475694,800.0,OPTICAL,470.0,720.0,CLUTCH: The COSMOS Legacy UV-Optical Treasury Campaign with Hubble,61006.72329854,17802,GO,,POLYGON 150.31977571 2.2021075099998786 150.29250589000003 2.2108476800000614 150.29212694596066 2.2098962591350224 150.29176103919329 2.2100135299234265 150.29202939999993 2.2106621800000137 150.26560546999985 2.2189133899998716 150.26521895057783 2.2179790989144652 150.26342921999995 2.2185379399999539 150.24198422000015 2.1666991500000656 150.26840754999998 2.15844836999995 150.26879402213481 2.1593825783042226 150.26985042663495 2.159052698168956 150.26932745000008 2.1577395500000085 150.29659662999993 2.1489998099999914 150.296975530219 2.1499511504758955 150.29877259 2.1493751699998662 150.31977571 2.2021075099998786 150.31977571 2.2021075099998786,mast:HST/product/jffufo010_drz.jpg,mast:HST/product/jffufo010_drz.fits,PUBLIC,False,,361752338,470.0,720.0,0.0,835615,150.271491894735,2.19579742195885,F606W,61006.58759255787
science,HST,CALACS,ACS/WFC,HST,F435W,OPTICAL,CLUTCH-TARGET-FO,GALAXY;HIGH REDSHIFT GALAXY,jffufo020,150.2788731129,2.185384808542,image,"Kartaltepe, Jeyhan",3,61006.60177068287,61006.653715127315,800.0,OPTICAL,370.0,479.99999999999994,CLUTCH: The COSMOS Legacy UV-Optical Treasury Campaign with Hubble,61006.89465273,17802,GO,,POLYGON 150.31983478000009 2.2019817900001195 150.29256497000009 2.2107219600000083 150.29218825876086 2.2097761452426523 150.2918224160523 2.2098933953676636 150.2920884700001 2.2105364700000809 150.26566455000005 2.218787669999895 150.26528034983687 2.217858985006794 150.26348717999994 2.2184189000001231 150.24204218000014 2.1665801200000692 150.26846551000003 2.1583293400001384 150.26884965936668 2.1592579333642621 150.26990614093393 2.1589280291669026 150.2693854099999 2.1576205200001417 150.29665459000003 2.1488807699999533 150.29703125784022 2.1498265056127583 150.29883166999997 2.1492494499999357 150.31983478000009 2.2019817900001195 150.31983478000009 2.2019817900001195,mast:HST/product/jffufo020_drz.jpg,mast:HST/product/jffufo020_drz.fits,PUBLIC,False,,361752395,370.0,479.99999999999994,0.0,835615,150.271491894735,2.19579742195885,F435W,61006.60177068287
science,HST,CALACS,ACS/WFC,HST,F606W,OPTICAL,CLUTCH-TARGET-FP,GALAXY;HIGH REDSHIFT GALAXY,jffufp010,150.2667652492,2.216882740591,image,"Kartaltepe, Jeyhan",3,61011.50137734954,61011.506006979165,800.0,OPTICAL,470.0,720.0,CLUTCH: The COSMOS Legacy UV-Optical Treasury Campaign with Hubble,61011.9794328,17802,GO,,POLYGON 150.25853454999998 2.19019599000008 150.27998090000006 2.2420343900001196 150.25355640999993 2.2502856100001156 150.23211087 2.198446829999952 150.25853454999998 2.19019599000008 150.25853454999998 2.19019599000008 POLYGON 150.28672419999995 2.180747360000026 150.30772780999985 2.2334796999998958 150.28045741000014 2.2422198999999652 150.25945465000012 2.189487169999921 150.28672419999995 2.180747360000026 150.28672419999995 2.180747360000026,mast:HST/product/jffufp010_drz.jpg,mast:HST/product/jffufp010_drz.fits,PUBLIC,False,,362239411,470.0,720.0,0.0,835615,150.271491894735,2.19579742195885,F606W,61011.50137734954
science,HST,CALACS,ACS/WFC,HST,F435W,OPTICAL,CLUTCH-TARGET-FP,GALAXY;HIGH REDSHIFT GALAXY,jffufp020,150.2668243293,2.216757023862,image,"Kartaltepe, Jeyhan",3,61011.561585497686,61011.57359957176,800.0,OPTICAL,370.0,479.99999999999994,CLUTCH: The COSMOS Legacy UV-Optical Treasury Campaign with Hubble,61012.19991892,17802,GO,,POLYGON 150.30778688000012 2.2333539899999506 150.28051648999991 2.2420941799999228 150.28013977583865 2.2411483798488705 150.27977393374709 2.2412656282258294 150.28003997999991 2.2419086700000128 150.25361548999985 2.2501598999998897 150.25323128081737 2.2492312131838426 150.25143807000015 2.2497911300000122 150.22999262 2.1979523499999885 150.25641649999992 2.1897015500000285 150.25680065974902 2.1906301486016542 150.25785724403121 2.1903002183782383 150.25733651000002 2.1889927299998591 150.28460605000006 2.180252979999882 150.28498273503254 2.1811987370409862 150.28678328 2.1806216500000679 150.30778688000012 2.2333539899999506 150.30778688000012 2.2333539899999506,mast:HST/product/jffufp020_drz.jpg,mast:HST/product/jffufp020_drz.fits,PUBLIC,False,,362241671,370.0,479.99999999999994,0.0,835615,150.271491894735,2.19579742195885,F435W,61011.561585497686
calibration,HST,CALNIC,NICMOS/NIC3,HST,BLANK,,POST-SAA-DARK,,n627xd030,150.2758460561,2.189291464547,image,"Calzetti, Daniela",3,53075.64665509,53075.65292824,486.71817,,,,NICMOS Post-SAA calibration - CR Persistence Part 2,53075.81244197,8791,CAL/NIC,,POLYGON 150.28586 2.18753 150.277583 2.199303 150.265832 2.191053 150.274109 2.17928 150.28586 2.18753 150.28586 2.18753,,,PUBLIC,False,,24874050,,,2.2704224173711856,835615,150.271491894735,2.19579742195885,,53075.64665509
