candidate_id,epoch_label,requested_filter,productFilename,dataURI,status,epoch_mjd_inventory,filter_inventory,x_full,y_full,mjd,detector,actual_filter
210975,epoch_001,F070W,jw06434346001_07201_00002_nrca3_cal.fits,mast:JWST/product/jw06434346001_07201_00002_nrca3_cal.fits,OUTSIDE_DETECTOR,60771.20470836806,F070W,,,,,
210975,epoch_001,F070W,jw06434346001_07201_00001_nrca4_cal.fits,mast:JWST/product/jw06434346001_07201_00001_nrca4_cal.fits,OUTSIDE_DETECTOR,60771.20470836806,F070W,,,,,
210975,epoch_001,F070W,jw06434346001_07201_00002_nrca1_cal.fits,mast:JWST/product/jw06434346001_07201_00002_nrca1_cal.fits,OUTSIDE_DETECTOR,60771.20470836806,F070W,,,,,
210975,epoch_001,F070W,jw06434346001_07201_00002_nrca2_cal.fits,mast:JWST/product/jw06434346001_07201_00002_nrca2_cal.fits,OUTSIDE_DETECTOR,60771.20470836806,F070W,,,,,
210975,epoch_001,F070W,jw06434346001_07201_00001_nrca1_cal.fits,mast:JWST/product/jw06434346001_07201_00001_nrca1_cal.fits,OUTSIDE_DETECTOR,60771.20470836806,F070W,,,,,
210975,epoch_001,F070W,jw06434346001_07201_00002_nrcb1_cal.fits,mast:JWST/product/jw06434346001_07201_00002_nrcb1_cal.fits,OUTSIDE_DETECTOR,60771.20470836806,F070W,,,,,
210975,epoch_001,F070W,jw06434346001_07201_00001_nrcb2_cal.fits,mast:JWST/product/jw06434346001_07201_00001_nrcb2_cal.fits,OUTSIDE_DETECTOR,60771.20470836806,F070W,,,,,
210975,epoch_001,F070W,jw06434346001_07201_00001_nrcb4_cal.fits,mast:JWST/product/jw06434346001_07201_00001_nrcb4_cal.fits,OUTSIDE_DETECTOR,60771.20470836806,F070W,,,,,
210975,epoch_001,F070W,jw06434346001_07201_00002_nrca4_cal.fits,mast:JWST/product/jw06434346001_07201_00002_nrca4_cal.fits,OUTSIDE_DETECTOR,60771.20470836806,F070W,,,,,
210975,epoch_001,F070W,jw06434346001_07201_00001_nrca3_cal.fits,mast:JWST/product/jw06434346001_07201_00001_nrca3_cal.fits,OUTSIDE_DETECTOR,60771.20470836806,F070W,,,,,
210975,epoch_001,F070W,jw06434346001_07201_00001_nrcb3_cal.fits,mast:JWST/product/jw06434346001_07201_00001_nrcb3_cal.fits,COVERED,60771.20470836806,F070W,92.89688853805846,730.2481471505005,60771.20470836806,NRCB3,F070W
210975,epoch_001,F070W,jw06434346001_07201_00002_nrcb2_cal.fits,mast:JWST/product/jw06434346001_07201_00002_nrcb2_cal.fits,OUTSIDE_DETECTOR,60771.20470836806,F070W,,,,,
210975,epoch_001,F070W,jw06434346001_07201_00002_nrcb4_cal.fits,mast:JWST/product/jw06434346001_07201_00002_nrcb4_cal.fits,OUTSIDE_DETECTOR,60771.20470836806,F070W,,,,,
210975,epoch_001,F070W,jw06434346001_07201_00001_nrca2_cal.fits,mast:JWST/product/jw06434346001_07201_00001_nrca2_cal.fits,OUTSIDE_DETECTOR,60771.20470836806,F070W,,,,,
210975,epoch_001,F070W,jw06434346001_07201_00001_nrcb1_cal.fits,mast:JWST/product/jw06434346001_07201_00001_nrcb1_cal.fits,OUTSIDE_DETECTOR,60771.20470836806,F070W,,,,,
210975,epoch_001,F070W,jw06434346001_07201_00002_nrcb3_cal.fits,mast:JWST/product/jw06434346001_07201_00002_nrcb3_cal.fits,OUTSIDE_DETECTOR,60771.20470836806,F070W,,,,,
210975,epoch_002,F090W,jw06434345001_05201_00001_nrca1_cal.fits,mast:JWST/product/jw06434345001_05201_00001_nrca1_cal.fits,OUTSIDE_DETECTOR,60771.17811505787,F090W,,,,,
210975,epoch_002,F090W,jw06434345001_05201_00001_nrcb2_cal.fits,mast:JWST/product/jw06434345001_05201_00001_nrcb2_cal.fits,OUTSIDE_DETECTOR,60771.17811505787,F090W,,,,,
210975,epoch_002,F090W,jw06434345001_05201_00002_nrca3_cal.fits,mast:JWST/product/jw06434345001_05201_00002_nrca3_cal.fits,OUTSIDE_DETECTOR,60771.17811505787,F090W,,,,,
210975,epoch_002,F090W,jw06434345001_05201_00001_nrca2_cal.fits,mast:JWST/product/jw06434345001_05201_00001_nrca2_cal.fits,OUTSIDE_DETECTOR,60771.17811505787,F090W,,,,,
210975,epoch_002,F090W,jw06434345001_05201_00002_nrcb1_cal.fits,mast:JWST/product/jw06434345001_05201_00002_nrcb1_cal.fits,OUTSIDE_DETECTOR,60771.17811505787,F090W,,,,,
210975,epoch_002,F090W,jw06434345001_05201_00001_nrca3_cal.fits,mast:JWST/product/jw06434345001_05201_00001_nrca3_cal.fits,OUTSIDE_DETECTOR,60771.17811505787,F090W,,,,,
210975,epoch_002,F090W,jw06434345001_05201_00002_nrcb2_cal.fits,mast:JWST/product/jw06434345001_05201_00002_nrcb2_cal.fits,OUTSIDE_DETECTOR,60771.17811505787,F090W,,,,,
210975,epoch_002,F090W,jw06434345001_05201_00001_nrca4_cal.fits,mast:JWST/product/jw06434345001_05201_00001_nrca4_cal.fits,OUTSIDE_DETECTOR,60771.17811505787,F090W,,,,,
210975,epoch_002,F090W,jw06434345001_05201_00002_nrcb4_cal.fits,mast:JWST/product/jw06434345001_05201_00002_nrcb4_cal.fits,OUTSIDE_DETECTOR,60771.17811505787,F090W,,,,,
210975,epoch_002,F090W,jw06434345001_05201_00002_nrca4_cal.fits,mast:JWST/product/jw06434345001_05201_00002_nrca4_cal.fits,OUTSIDE_DETECTOR,60771.17811505787,F090W,,,,,
210975,epoch_002,F090W,jw06434345001_05201_00002_nrca1_cal.fits,mast:JWST/product/jw06434345001_05201_00002_nrca1_cal.fits,OUTSIDE_DETECTOR,60771.17811505787,F090W,,,,,
210975,epoch_002,F090W,jw06434345001_05201_00002_nrcb3_cal.fits,mast:JWST/product/jw06434345001_05201_00002_nrcb3_cal.fits,OUTSIDE_DETECTOR,60771.17811505787,F090W,,,,,
210975,epoch_002,F090W,jw06434345001_05201_00001_nrcb3_cal.fits,mast:JWST/product/jw06434345001_05201_00001_nrcb3_cal.fits,COVERED,60771.17811505787,F090W,92.89339356255384,730.1083079984281,60771.17811505787,NRCB3,F090W
210975,epoch_002,F090W,jw06434345001_05201_00001_nrcb4_cal.fits,mast:JWST/product/jw06434345001_05201_00001_nrcb4_cal.fits,OUTSIDE_DETECTOR,60771.17811505787,F090W,,,,,
210975,epoch_002,F090W,jw06434345001_05201_00002_nrca2_cal.fits,mast:JWST/product/jw06434345001_05201_00002_nrca2_cal.fits,OUTSIDE_DETECTOR,60771.17811505787,F090W,,,,,
210975,epoch_002,F090W,jw06434345001_05201_00001_nrcb1_cal.fits,mast:JWST/product/jw06434345001_05201_00001_nrcb1_cal.fits,OUTSIDE_DETECTOR,60771.17811505787,F090W,,,,,
210975,epoch_003,F115W,jw01727119001_02101_00003_nrca2_cal.fits,mast:JWST/product/jw01727119001_02101_00003_nrca2_cal.fits,OUTSIDE_DETECTOR,60041.150372951386,F115W,,,,,
210975,epoch_003,F115W,jw01727119001_02101_00002_nrcb4_cal.fits,mast:JWST/product/jw01727119001_02101_00002_nrcb4_cal.fits,OUTSIDE_DETECTOR,60041.150372951386,F115W,,,,,
210975,epoch_003,F115W,jw01727119001_02101_00002_nrcb3_cal.fits,mast:JWST/product/jw01727119001_02101_00002_nrcb3_cal.fits,OUTSIDE_DETECTOR,60041.150372951386,F115W,,,,,
210975,epoch_003,F115W,jw01727119001_02101_00004_nrca2_cal.fits,mast:JWST/product/jw01727119001_02101_00004_nrca2_cal.fits,OUTSIDE_DETECTOR,60041.150372951386,F115W,,,,,
210975,epoch_003,F115W,jw01727119001_02101_00002_nrca3_cal.fits,mast:JWST/product/jw01727119001_02101_00002_nrca3_cal.fits,OUTSIDE_DETECTOR,60041.150372951386,F115W,,,,,
210975,epoch_003,F115W,jw01727119001_02101_00003_nrca3_cal.fits,mast:JWST/product/jw01727119001_02101_00003_nrca3_cal.fits,OUTSIDE_DETECTOR,60041.150372951386,F115W,,,,,
210975,epoch_003,F115W,jw01727119001_02101_00004_nrca1_cal.fits,mast:JWST/product/jw01727119001_02101_00004_nrca1_cal.fits,OUTSIDE_DETECTOR,60041.150372951386,F115W,,,,,
210975,epoch_003,F115W,jw01727119001_02101_00002_nrca4_cal.fits,mast:JWST/product/jw01727119001_02101_00002_nrca4_cal.fits,OUTSIDE_DETECTOR,60041.150372951386,F115W,,,,,
210975,epoch_003,F115W,jw01727119001_02101_00003_nrcb3_cal.fits,mast:JWST/product/jw01727119001_02101_00003_nrcb3_cal.fits,OUTSIDE_DETECTOR,60041.150372951386,F115W,,,,,
210975,epoch_003,F115W,jw01727119001_02101_00001_nrcb4_cal.fits,mast:JWST/product/jw01727119001_02101_00001_nrcb4_cal.fits,OUTSIDE_DETECTOR,60041.150372951386,F115W,,,,,
210975,epoch_003,F115W,jw01727119001_02101_00002_nrca2_cal.fits,mast:JWST/product/jw01727119001_02101_00002_nrca2_cal.fits,OUTSIDE_DETECTOR,60041.150372951386,F115W,,,,,
210975,epoch_003,F115W,jw01727119001_02101_00003_nrcb4_cal.fits,mast:JWST/product/jw01727119001_02101_00003_nrcb4_cal.fits,OUTSIDE_DETECTOR,60041.150372951386,F115W,,,,,
210975,epoch_003,F115W,jw01727119001_02101_00001_nrca2_cal.fits,mast:JWST/product/jw01727119001_02101_00001_nrca2_cal.fits,OUTSIDE_DETECTOR,60041.150372951386,F115W,,,,,
210975,epoch_003,F115W,jw01727119001_02101_00004_nrcb3_cal.fits,mast:JWST/product/jw01727119001_02101_00004_nrcb3_cal.fits,COVERED,60041.150372951386,F115W,1310.1489338114925,2037.1594835879253,60041.164912939814,NRCB3,F115W
210975,epoch_003,F115W,jw01727119001_02101_00002_nrcb2_cal.fits,mast:JWST/product/jw01727119001_02101_00002_nrcb2_cal.fits,OUTSIDE_DETECTOR,60041.150372951386,F115W,,,,,
210975,epoch_003,F115W,jw01727119001_02101_00004_nrca4_cal.fits,mast:JWST/product/jw01727119001_02101_00004_nrca4_cal.fits,OUTSIDE_DETECTOR,60041.150372951386,F115W,,,,,
210975,epoch_003,F115W,jw01727119001_02101_00003_nrcb1_cal.fits,mast:JWST/product/jw01727119001_02101_00003_nrcb1_cal.fits,OUTSIDE_DETECTOR,60041.150372951386,F115W,,,,,
210975,epoch_003,F115W,jw01727119001_02101_00001_nrca4_cal.fits,mast:JWST/product/jw01727119001_02101_00001_nrca4_cal.fits,OUTSIDE_DETECTOR,60041.150372951386,F115W,,,,,
210975,epoch_003,F115W,jw01727119001_02101_00001_nrcb3_cal.fits,mast:JWST/product/jw01727119001_02101_00001_nrcb3_cal.fits,OUTSIDE_DETECTOR,60041.150372951386,F115W,,,,,
210975,epoch_003,F115W,jw01727119001_02101_00002_nrca1_cal.fits,mast:JWST/product/jw01727119001_02101_00002_nrca1_cal.fits,OUTSIDE_DETECTOR,60041.150372951386,F115W,,,,,
210975,epoch_003,F115W,jw01727119001_02101_00004_nrcb2_cal.fits,mast:JWST/product/jw01727119001_02101_00004_nrcb2_cal.fits,OUTSIDE_DETECTOR,60041.150372951386,F115W,,,,,
210975,epoch_003,F115W,jw01727119001_02101_00003_nrcb2_cal.fits,mast:JWST/product/jw01727119001_02101_00003_nrcb2_cal.fits,OUTSIDE_DETECTOR,60041.150372951386,F115W,,,,,
210975,epoch_003,F115W,jw01727119001_02101_00003_nrca4_cal.fits,mast:JWST/product/jw01727119001_02101_00003_nrca4_cal.fits,OUTSIDE_DETECTOR,60041.150372951386,F115W,,,,,
210975,epoch_003,F115W,jw01727119001_02101_00001_nrca1_cal.fits,mast:JWST/product/jw01727119001_02101_00001_nrca1_cal.fits,OUTSIDE_DETECTOR,60041.150372951386,F115W,,,,,
210975,epoch_003,F115W,jw01727119001_02101_00004_nrcb1_cal.fits,mast:JWST/product/jw01727119001_02101_00004_nrcb1_cal.fits,OUTSIDE_DETECTOR,60041.150372951386,F115W,,,,,
210975,epoch_003,F115W,jw01727119001_02101_00003_nrca1_cal.fits,mast:JWST/product/jw01727119001_02101_00003_nrca1_cal.fits,OUTSIDE_DETECTOR,60041.150372951386,F115W,,,,,
210975,epoch_003,F115W,jw01727119001_02101_00001_nrca3_cal.fits,mast:JWST/product/jw01727119001_02101_00001_nrca3_cal.fits,OUTSIDE_DETECTOR,60041.150372951386,F115W,,,,,
210975,epoch_003,F115W,jw01727119001_02101_00004_nrcb4_cal.fits,mast:JWST/product/jw01727119001_02101_00004_nrcb4_cal.fits,OUTSIDE_DETECTOR,60041.150372951386,F115W,,,,,
210975,epoch_003,F115W,jw01727119001_02101_00002_nrcb1_cal.fits,mast:JWST/product/jw01727119001_02101_00002_nrcb1_cal.fits,OUTSIDE_DETECTOR,60041.150372951386,F115W,,,,,
210975,epoch_003,F115W,jw01727119001_02101_00001_nrcb2_cal.fits,mast:JWST/product/jw01727119001_02101_00001_nrcb2_cal.fits,OUTSIDE_DETECTOR,60041.150372951386,F115W,,,,,
210975,epoch_003,F115W,jw01727119001_02101_00004_nrca3_cal.fits,mast:JWST/product/jw01727119001_02101_00004_nrca3_cal.fits,OUTSIDE_DETECTOR,60041.150372951386,F115W,,,,,
210975,epoch_003,F115W,jw01727119001_02101_00001_nrcb1_cal.fits,mast:JWST/product/jw01727119001_02101_00001_nrcb1_cal.fits,OUTSIDE_DETECTOR,60041.150372951386,F115W,,,,,
210975,epoch_004,F115W,jw01727121001_02101_00002_nrca3_cal.fits,mast:JWST/product/jw01727121001_02101_00002_nrca3_cal.fits,OUTSIDE_DETECTOR,60043.715807395834,F115W,,,,,
210975,epoch_004,F115W,jw01727121001_02101_00002_nrca2_cal.fits,mast:JWST/product/jw01727121001_02101_00002_nrca2_cal.fits,OUTSIDE_DETECTOR,60043.715807395834,F115W,,,,,
210975,epoch_004,F115W,jw01727121001_02101_00002_nrca1_cal.fits,mast:JWST/product/jw01727121001_02101_00002_nrca1_cal.fits,OUTSIDE_DETECTOR,60043.715807395834,F115W,,,,,
210975,epoch_004,F115W,jw01727121001_02101_00002_nrcb3_cal.fits,mast:JWST/product/jw01727121001_02101_00002_nrcb3_cal.fits,OUTSIDE_DETECTOR,60043.715807395834,F115W,,,,,
210975,epoch_004,F115W,jw01727121001_02101_00002_nrcb4_cal.fits,mast:JWST/product/jw01727121001_02101_00002_nrcb4_cal.fits,OUTSIDE_DETECTOR,60043.715807395834,F115W,,,,,
210975,epoch_004,F115W,jw01727121001_02101_00002_nrcb2_cal.fits,mast:JWST/product/jw01727121001_02101_00002_nrcb2_cal.fits,OUTSIDE_DETECTOR,60043.715807395834,F115W,,,,,
210975,epoch_004,F115W,jw01727121001_02101_00002_nrca4_cal.fits,mast:JWST/product/jw01727121001_02101_00002_nrca4_cal.fits,OUTSIDE_DETECTOR,60043.715807395834,F115W,,,,,
210975,epoch_004,F115W,jw01727121001_02101_00002_nrcb1_cal.fits,mast:JWST/product/jw01727121001_02101_00002_nrcb1_cal.fits,OUTSIDE_DETECTOR,60043.715807395834,F115W,,,,,
210975,epoch_004,F115W,jw01727121001_02101_00004_nrca1_cal.fits,mast:JWST/product/jw01727121001_02101_00004_nrca1_cal.fits,OUTSIDE_DETECTOR,60043.715807395834,F115W,,,,,
210975,epoch_004,F115W,jw01727121001_02101_00004_nrcb1_cal.fits,mast:JWST/product/jw01727121001_02101_00004_nrcb1_cal.fits,OUTSIDE_DETECTOR,60043.715807395834,F115W,,,,,
210975,epoch_004,F115W,jw01727121001_02101_00004_nrcb2_cal.fits,mast:JWST/product/jw01727121001_02101_00004_nrcb2_cal.fits,OUTSIDE_DETECTOR,60043.715807395834,F115W,,,,,
210975,epoch_004,F115W,jw01727121001_02101_00004_nrca2_cal.fits,mast:JWST/product/jw01727121001_02101_00004_nrca2_cal.fits,OUTSIDE_DETECTOR,60043.715807395834,F115W,,,,,
210975,epoch_004,F115W,jw01727121001_02101_00004_nrca4_cal.fits,mast:JWST/product/jw01727121001_02101_00004_nrca4_cal.fits,OUTSIDE_DETECTOR,60043.715807395834,F115W,,,,,
210975,epoch_004,F115W,jw01727121001_02101_00004_nrca3_cal.fits,mast:JWST/product/jw01727121001_02101_00004_nrca3_cal.fits,OUTSIDE_DETECTOR,60043.715807395834,F115W,,,,,
210975,epoch_004,F115W,jw01727121001_02101_00004_nrcb3_cal.fits,mast:JWST/product/jw01727121001_02101_00004_nrcb3_cal.fits,OUTSIDE_DETECTOR,60043.715807395834,F115W,,,,,
210975,epoch_004,F115W,jw01727121001_02101_00004_nrcb4_cal.fits,mast:JWST/product/jw01727121001_02101_00004_nrcb4_cal.fits,COVERED,60043.715807395834,F115W,1536.96977731729,26.04673659132737,60043.73034738426,NRCB4,F115W
210975,epoch_004,F115W,jw01727121001_02101_00003_nrcb3_cal.fits,mast:JWST/product/jw01727121001_02101_00003_nrcb3_cal.fits,OUTSIDE_DETECTOR,60043.715807395834,F115W,,,,,
210975,epoch_004,F115W,jw01727121001_02101_00003_nrca3_cal.fits,mast:JWST/product/jw01727121001_02101_00003_nrca3_cal.fits,OUTSIDE_DETECTOR,60043.715807395834,F115W,,,,,
210975,epoch_004,F115W,jw01727121001_02101_00001_nrcb1_cal.fits,mast:JWST/product/jw01727121001_02101_00001_nrcb1_cal.fits,OUTSIDE_DETECTOR,60043.715807395834,F115W,,,,,
210975,epoch_004,F115W,jw01727121001_02101_00001_nrca1_cal.fits,mast:JWST/product/jw01727121001_02101_00001_nrca1_cal.fits,OUTSIDE_DETECTOR,60043.715807395834,F115W,,,,,
210975,epoch_004,F115W,jw01727121001_02101_00001_nrcb4_cal.fits,mast:JWST/product/jw01727121001_02101_00001_nrcb4_cal.fits,OUTSIDE_DETECTOR,60043.715807395834,F115W,,,,,
210975,epoch_004,F115W,jw01727121001_02101_00001_nrca2_cal.fits,mast:JWST/product/jw01727121001_02101_00001_nrca2_cal.fits,OUTSIDE_DETECTOR,60043.715807395834,F115W,,,,,
210975,epoch_004,F115W,jw01727121001_02101_00003_nrcb4_cal.fits,mast:JWST/product/jw01727121001_02101_00003_nrcb4_cal.fits,COVERED,60043.715807395834,F115W,1530.541745008344,215.50321512202055,60043.72637108796,NRCB4,F115W
210975,epoch_004,F115W,jw01727121001_02101_00001_nrca4_cal.fits,mast:JWST/product/jw01727121001_02101_00001_nrca4_cal.fits,OUTSIDE_DETECTOR,60043.715807395834,F115W,,,,,
210975,epoch_004,F115W,jw01727121001_02101_00003_nrcb2_cal.fits,mast:JWST/product/jw01727121001_02101_00003_nrcb2_cal.fits,OUTSIDE_DETECTOR,60043.715807395834,F115W,,,,,
210975,epoch_004,F115W,jw01727121001_02101_00003_nrca1_cal.fits,mast:JWST/product/jw01727121001_02101_00003_nrca1_cal.fits,OUTSIDE_DETECTOR,60043.715807395834,F115W,,,,,
210975,epoch_004,F115W,jw01727121001_02101_00001_nrca3_cal.fits,mast:JWST/product/jw01727121001_02101_00001_nrca3_cal.fits,OUTSIDE_DETECTOR,60043.715807395834,F115W,,,,,
210975,epoch_004,F115W,jw01727121001_02101_00001_nrcb2_cal.fits,mast:JWST/product/jw01727121001_02101_00001_nrcb2_cal.fits,OUTSIDE_DETECTOR,60043.715807395834,F115W,,,,,
210975,epoch_004,F115W,jw01727121001_02101_00003_nrca4_cal.fits,mast:JWST/product/jw01727121001_02101_00003_nrca4_cal.fits,OUTSIDE_DETECTOR,60043.715807395834,F115W,,,,,
210975,epoch_004,F115W,jw01727121001_02101_00003_nrcb1_cal.fits,mast:JWST/product/jw01727121001_02101_00003_nrcb1_cal.fits,OUTSIDE_DETECTOR,60043.715807395834,F115W,,,,,
210975,epoch_004,F115W,jw01727121001_02101_00003_nrca2_cal.fits,mast:JWST/product/jw01727121001_02101_00003_nrca2_cal.fits,OUTSIDE_DETECTOR,60043.715807395834,F115W,,,,,
210975,epoch_004,F115W,jw01727121001_02101_00001_nrcb3_cal.fits,mast:JWST/product/jw01727121001_02101_00001_nrcb3_cal.fits,OUTSIDE_DETECTOR,60043.715807395834,F115W,,,,,
210975,epoch_005,F115W,jw05893001001_05101_00001_nrca1_cal.fits,mast:JWST/product/jw05893001001_05101_00001_nrca1_cal.fits,OUTSIDE_DETECTOR,60791.68710052083,F115W,,,,,
210975,epoch_005,F115W,jw05893001001_05101_00001_nrca2_cal.fits,mast:JWST/product/jw05893001001_05101_00001_nrca2_cal.fits,OUTSIDE_DETECTOR,60791.68710052083,F115W,,,,,
210975,epoch_005,F115W,jw05893001001_03101_00001_nrca1_cal.fits,mast:JWST/product/jw05893001001_03101_00001_nrca1_cal.fits,OUTSIDE_DETECTOR,60791.68710052083,F115W,,,,,
210975,epoch_005,F115W,jw05893001001_03101_00001_nrca3_cal.fits,mast:JWST/product/jw05893001001_03101_00001_nrca3_cal.fits,OUTSIDE_DETECTOR,60791.68710052083,F115W,,,,,
210975,epoch_005,F115W,jw05893001001_05101_00001_nrca3_cal.fits,mast:JWST/product/jw05893001001_05101_00001_nrca3_cal.fits,OUTSIDE_DETECTOR,60791.68710052083,F115W,,,,,
210975,epoch_005,F115W,jw05893001001_03101_00001_nrca2_cal.fits,mast:JWST/product/jw05893001001_03101_00001_nrca2_cal.fits,OUTSIDE_DETECTOR,60791.68710052083,F115W,,,,,
210975,epoch_005,F115W,jw05893001001_03101_00001_nrcb3_cal.fits,mast:JWST/product/jw05893001001_03101_00001_nrcb3_cal.fits,OUTSIDE_DETECTOR,60791.68710052083,F115W,,,,,
210975,epoch_005,F115W,jw05893001001_03101_00001_nrca4_cal.fits,mast:JWST/product/jw05893001001_03101_00001_nrca4_cal.fits,OUTSIDE_DETECTOR,60791.68710052083,F115W,,,,,
210975,epoch_005,F115W,jw05893001001_05101_00001_nrca4_cal.fits,mast:JWST/product/jw05893001001_05101_00001_nrca4_cal.fits,OUTSIDE_DETECTOR,60791.68710052083,F115W,,,,,
210975,epoch_005,F115W,jw05893001001_03101_00001_nrcb4_cal.fits,mast:JWST/product/jw05893001001_03101_00001_nrcb4_cal.fits,OUTSIDE_DETECTOR,60791.68710052083,F115W,,,,,
210975,epoch_005,F115W,jw05893001001_05101_00001_nrcb2_cal.fits,mast:JWST/product/jw05893001001_05101_00001_nrcb2_cal.fits,OUTSIDE_DETECTOR,60791.68710052083,F115W,,,,,
210975,epoch_005,F115W,jw05893001001_05101_00001_nrcb3_cal.fits,mast:JWST/product/jw05893001001_05101_00001_nrcb3_cal.fits,OUTSIDE_DETECTOR,60791.68710052083,F115W,,,,,
210975,epoch_005,F115W,jw05893001001_05101_00001_nrcb1_cal.fits,mast:JWST/product/jw05893001001_05101_00001_nrcb1_cal.fits,OUTSIDE_DETECTOR,60791.68710052083,F115W,,,,,
210975,epoch_005,F115W,jw05893001001_03101_00001_nrcb1_cal.fits,mast:JWST/product/jw05893001001_03101_00001_nrcb1_cal.fits,OUTSIDE_DETECTOR,60791.68710052083,F115W,,,,,
210975,epoch_005,F115W,jw05893001001_05101_00001_nrcb4_cal.fits,mast:JWST/product/jw05893001001_05101_00001_nrcb4_cal.fits,OUTSIDE_DETECTOR,60791.68710052083,F115W,,,,,
210975,epoch_005,F115W,jw05893001001_03101_00001_nrcb2_cal.fits,mast:JWST/product/jw05893001001_03101_00001_nrcb2_cal.fits,OUTSIDE_DETECTOR,60791.68710052083,F115W,,,,,
210975,epoch_005,F115W,jw05893001001_05101_00002_nrcb4_cal.fits,mast:JWST/product/jw05893001001_05101_00002_nrcb4_cal.fits,OUTSIDE_DETECTOR,60791.68710052083,F115W,,,,,
210975,epoch_005,F115W,jw05893001001_05101_00002_nrcb3_cal.fits,mast:JWST/product/jw05893001001_05101_00002_nrcb3_cal.fits,OUTSIDE_DETECTOR,60791.68710052083,F115W,,,,,
210975,epoch_005,F115W,jw05893001001_05101_00002_nrca3_cal.fits,mast:JWST/product/jw05893001001_05101_00002_nrca3_cal.fits,OUTSIDE_DETECTOR,60791.68710052083,F115W,,,,,
210975,epoch_005,F115W,jw05893001001_05101_00002_nrcb2_cal.fits,mast:JWST/product/jw05893001001_05101_00002_nrcb2_cal.fits,OUTSIDE_DETECTOR,60791.68710052083,F115W,,,,,
210975,epoch_005,F115W,jw05893001001_05101_00002_nrca1_cal.fits,mast:JWST/product/jw05893001001_05101_00002_nrca1_cal.fits,OUTSIDE_DETECTOR,60791.68710052083,F115W,,,,,
210975,epoch_005,F115W,jw05893001001_05101_00002_nrca2_cal.fits,mast:JWST/product/jw05893001001_05101_00002_nrca2_cal.fits,OUTSIDE_DETECTOR,60791.68710052083,F115W,,,,,
210975,epoch_005,F115W,jw05893001001_05101_00002_nrcb1_cal.fits,mast:JWST/product/jw05893001001_05101_00002_nrcb1_cal.fits,OUTSIDE_DETECTOR,60791.68710052083,F115W,,,,,
210975,epoch_005,F115W,jw05893001001_05101_00002_nrca4_cal.fits,mast:JWST/product/jw05893001001_05101_00002_nrca4_cal.fits,OUTSIDE_DETECTOR,60791.68710052083,F115W,,,,,
210975,epoch_005,F115W,jw05893001002_03101_00001_nrca1_cal.fits,mast:JWST/product/jw05893001002_03101_00001_nrca1_cal.fits,OUTSIDE_DETECTOR,60791.68710052083,F115W,,,,,
210975,epoch_005,F115W,jw05893001002_03101_00001_nrca2_cal.fits,mast:JWST/product/jw05893001002_03101_00001_nrca2_cal.fits,OUTSIDE_DETECTOR,60791.68710052083,F115W,,,,,
210975,epoch_005,F115W,jw05893001002_05101_00001_nrca1_cal.fits,mast:JWST/product/jw05893001002_05101_00001_nrca1_cal.fits,OUTSIDE_DETECTOR,60791.68710052083,F115W,,,,,
210975,epoch_005,F115W,jw05893001002_05101_00001_nrca3_cal.fits,mast:JWST/product/jw05893001002_05101_00001_nrca3_cal.fits,OUTSIDE_DETECTOR,60791.68710052083,F115W,,,,,
210975,epoch_005,F115W,jw05893001002_03101_00001_nrcb1_cal.fits,mast:JWST/product/jw05893001002_03101_00001_nrcb1_cal.fits,OUTSIDE_DETECTOR,60791.68710052083,F115W,,,,,
210975,epoch_005,F115W,jw05893001002_05101_00001_nrcb1_cal.fits,mast:JWST/product/jw05893001002_05101_00001_nrcb1_cal.fits,OUTSIDE_DETECTOR,60791.68710052083,F115W,,,,,
210975,epoch_005,F115W,jw05893001002_05101_00001_nrca2_cal.fits,mast:JWST/product/jw05893001002_05101_00001_nrca2_cal.fits,OUTSIDE_DETECTOR,60791.68710052083,F115W,,,,,
210975,epoch_005,F115W,jw05893001002_05101_00001_nrca4_cal.fits,mast:JWST/product/jw05893001002_05101_00001_nrca4_cal.fits,OUTSIDE_DETECTOR,60791.68710052083,F115W,,,,,
210975,epoch_005,F115W,jw05893001002_03101_00001_nrcb2_cal.fits,mast:JWST/product/jw05893001002_03101_00001_nrcb2_cal.fits,OUTSIDE_DETECTOR,60791.68710052083,F115W,,,,,
210975,epoch_005,F115W,jw05893001002_03101_00001_nrca3_cal.fits,mast:JWST/product/jw05893001002_03101_00001_nrca3_cal.fits,OUTSIDE_DETECTOR,60791.68710052083,F115W,,,,,
210975,epoch_005,F115W,jw05893001002_05101_00001_nrcb2_cal.fits,mast:JWST/product/jw05893001002_05101_00001_nrcb2_cal.fits,OUTSIDE_DETECTOR,60791.68710052083,F115W,,,,,
210975,epoch_005,F115W,jw05893001002_03101_00001_nrcb3_cal.fits,mast:JWST/product/jw05893001002_03101_00001_nrcb3_cal.fits,OUTSIDE_DETECTOR,60791.68710052083,F115W,,,,,
210975,epoch_005,F115W,jw05893001002_03101_00001_nrca4_cal.fits,mast:JWST/product/jw05893001002_03101_00001_nrca4_cal.fits,OUTSIDE_DETECTOR,60791.68710052083,F115W,,,,,
210975,epoch_005,F115W,jw05893001002_05101_00001_nrcb4_cal.fits,mast:JWST/product/jw05893001002_05101_00001_nrcb4_cal.fits,OUTSIDE_DETECTOR,60791.68710052083,F115W,,,,,
210975,epoch_005,F115W,jw05893001002_05101_00002_nrcb3_cal.fits,mast:JWST/product/jw05893001002_05101_00002_nrcb3_cal.fits,OUTSIDE_DETECTOR,60791.68710052083,F115W,,,,,
210975,epoch_005,F115W,jw05893001002_05101_00002_nrca3_cal.fits,mast:JWST/product/jw05893001002_05101_00002_nrca3_cal.fits,OUTSIDE_DETECTOR,60791.68710052083,F115W,,,,,
210975,epoch_005,F115W,jw05893001002_05101_00001_nrcb3_cal.fits,mast:JWST/product/jw05893001002_05101_00001_nrcb3_cal.fits,OUTSIDE_DETECTOR,60791.68710052083,F115W,,,,,
210975,epoch_005,F115W,jw05893001002_05101_00002_nrcb2_cal.fits,mast:JWST/product/jw05893001002_05101_00002_nrcb2_cal.fits,OUTSIDE_DETECTOR,60791.68710052083,F115W,,,,,
210975,epoch_005,F115W,jw05893001002_05101_00002_nrcb1_cal.fits,mast:JWST/product/jw05893001002_05101_00002_nrcb1_cal.fits,OUTSIDE_DETECTOR,60791.68710052083,F115W,,,,,
210975,epoch_005,F115W,jw05893001002_05101_00002_nrca1_cal.fits,mast:JWST/product/jw05893001002_05101_00002_nrca1_cal.fits,OUTSIDE_DETECTOR,60791.68710052083,F115W,,,,,
210975,epoch_005,F115W,jw05893001002_05101_00002_nrcb4_cal.fits,mast:JWST/product/jw05893001002_05101_00002_nrcb4_cal.fits,OUTSIDE_DETECTOR,60791.68710052083,F115W,,,,,
210975,epoch_005,F115W,jw05893001002_05101_00002_nrca4_cal.fits,mast:JWST/product/jw05893001002_05101_00002_nrca4_cal.fits,OUTSIDE_DETECTOR,60791.68710052083,F115W,,,,,
210975,epoch_005,F115W,jw05893001002_03101_00001_nrcb4_cal.fits,mast:JWST/product/jw05893001002_03101_00001_nrcb4_cal.fits,OUTSIDE_DETECTOR,60791.68710052083,F115W,,,,,
210975,epoch_005,F115W,jw05893001002_05101_00002_nrca2_cal.fits,mast:JWST/product/jw05893001002_05101_00002_nrca2_cal.fits,OUTSIDE_DETECTOR,60791.68710052083,F115W,,,,,
210975,epoch_005,F115W,jw05893001003_05101_00001_nrca4_cal.fits,mast:JWST/product/jw05893001003_05101_00001_nrca4_cal.fits,OUTSIDE_DETECTOR,60791.68710052083,F115W,,,,,
210975,epoch_005,F115W,jw05893001003_03101_00001_nrcb2_cal.fits,mast:JWST/product/jw05893001003_03101_00001_nrcb2_cal.fits,OUTSIDE_DETECTOR,60791.68710052083,F115W,,,,,
210975,epoch_005,F115W,jw05893001003_05101_00001_nrca3_cal.fits,mast:JWST/product/jw05893001003_05101_00001_nrca3_cal.fits,OUTSIDE_DETECTOR,60791.68710052083,F115W,,,,,
210975,epoch_005,F115W,jw05893001003_03101_00001_nrcb3_cal.fits,mast:JWST/product/jw05893001003_03101_00001_nrcb3_cal.fits,OUTSIDE_DETECTOR,60791.68710052083,F115W,,,,,
210975,epoch_005,F115W,jw05893001003_05101_00002_nrca2_cal.fits,mast:JWST/product/jw05893001003_05101_00002_nrca2_cal.fits,OUTSIDE_DETECTOR,60791.68710052083,F115W,,,,,
210975,epoch_005,F115W,jw05893001003_03101_00001_nrca1_cal.fits,mast:JWST/product/jw05893001003_03101_00001_nrca1_cal.fits,OUTSIDE_DETECTOR,60791.68710052083,F115W,,,,,
210975,epoch_005,F115W,jw05893001003_05101_00002_nrca4_cal.fits,mast:JWST/product/jw05893001003_05101_00002_nrca4_cal.fits,OUTSIDE_DETECTOR,60791.68710052083,F115W,,,,,
210975,epoch_005,F115W,jw05893001003_03101_00001_nrcb1_cal.fits,mast:JWST/product/jw05893001003_03101_00001_nrcb1_cal.fits,OUTSIDE_DETECTOR,60791.68710052083,F115W,,,,,
210975,epoch_005,F115W,jw05893001003_03101_00001_nrca2_cal.fits,mast:JWST/product/jw05893001003_03101_00001_nrca2_cal.fits,OUTSIDE_DETECTOR,60791.68710052083,F115W,,,,,
210975,epoch_005,F115W,jw05893001003_05101_00001_nrcb2_cal.fits,mast:JWST/product/jw05893001003_05101_00001_nrcb2_cal.fits,OUTSIDE_DETECTOR,60791.68710052083,F115W,,,,,
210975,epoch_005,F115W,jw05893001003_03101_00001_nrca4_cal.fits,mast:JWST/product/jw05893001003_03101_00001_nrca4_cal.fits,OUTSIDE_DETECTOR,60791.68710052083,F115W,,,,,
210975,epoch_005,F115W,jw05893001003_05101_00001_nrcb3_cal.fits,mast:JWST/product/jw05893001003_05101_00001_nrcb3_cal.fits,OUTSIDE_DETECTOR,60791.68710052083,F115W,,,,,
210975,epoch_005,F115W,jw05893001003_05101_00002_nrca1_cal.fits,mast:JWST/product/jw05893001003_05101_00002_nrca1_cal.fits,OUTSIDE_DETECTOR,60791.68710052083,F115W,,,,,
210975,epoch_005,F115W,jw05893001003_03101_00001_nrcb4_cal.fits,mast:JWST/product/jw05893001003_03101_00001_nrcb4_cal.fits,COVERED,60791.68710052083,F115W,1880.8476001801434,903.4752696920931,60791.797701145835,NRCB4,F115W
210975,epoch_005,F115W,jw05893001003_03101_00001_nrca3_cal.fits,mast:JWST/product/jw05893001003_03101_00001_nrca3_cal.fits,OUTSIDE_DETECTOR,60791.68710052083,F115W,,,,,
210975,epoch_005,F115W,jw05893001003_05101_00002_nrcb3_cal.fits,mast:JWST/product/jw05893001003_05101_00002_nrcb3_cal.fits,OUTSIDE_DETECTOR,60791.68710052083,F115W,,,,,
210975,epoch_005,F115W,jw05893001003_05101_00002_nrca3_cal.fits,mast:JWST/product/jw05893001003_05101_00002_nrca3_cal.fits,OUTSIDE_DETECTOR,60791.68710052083,F115W,,,,,
210975,epoch_005,F115W,jw05893001003_05101_00002_nrcb4_cal.fits,mast:JWST/product/jw05893001003_05101_00002_nrcb4_cal.fits,OUTSIDE_DETECTOR,60791.68710052083,F115W,,,,,
210975,epoch_005,F115W,jw05893001003_05101_00001_nrcb4_cal.fits,mast:JWST/product/jw05893001003_05101_00001_nrcb4_cal.fits,COVERED,60791.68710052083,F115W,1365.6067397237132,975.8560979962735,60791.80453596065,NRCB4,F115W
210975,epoch_005,F115W,jw05893001003_05101_00002_nrcb1_cal.fits,mast:JWST/product/jw05893001003_05101_00002_nrcb1_cal.fits,OUTSIDE_DETECTOR,60791.68710052083,F115W,,,,,
210975,epoch_005,F115W,jw05893001003_05101_00002_nrcb2_cal.fits,mast:JWST/product/jw05893001003_05101_00002_nrcb2_cal.fits,OUTSIDE_DETECTOR,60791.68710052083,F115W,,,,,
210975,epoch_005,F115W,jw05893001003_05101_00001_nrcb1_cal.fits,mast:JWST/product/jw05893001003_05101_00001_nrcb1_cal.fits,OUTSIDE_DETECTOR,60791.68710052083,F115W,,,,,
210975,epoch_005,F115W,jw05893001003_05101_00001_nrca2_cal.fits,mast:JWST/product/jw05893001003_05101_00001_nrca2_cal.fits,OUTSIDE_DETECTOR,60791.68710052083,F115W,,,,,
210975,epoch_005,F115W,jw05893001003_05101_00001_nrca1_cal.fits,mast:JWST/product/jw05893001003_05101_00001_nrca1_cal.fits,OUTSIDE_DETECTOR,60791.68710052083,F115W,,,,,
210975,epoch_005,F115W,jw05893001004_05101_00001_nrca4_cal.fits,mast:JWST/product/jw05893001004_05101_00001_nrca4_cal.fits,OUTSIDE_DETECTOR,60791.68710052083,F115W,,,,,
210975,epoch_005,F115W,jw05893001004_03101_00001_nrca1_cal.fits,mast:JWST/product/jw05893001004_03101_00001_nrca1_cal.fits,OUTSIDE_DETECTOR,60791.68710052083,F115W,,,,,
210975,epoch_005,F115W,jw05893001004_05101_00001_nrca2_cal.fits,mast:JWST/product/jw05893001004_05101_00001_nrca2_cal.fits,OUTSIDE_DETECTOR,60791.68710052083,F115W,,,,,
210975,epoch_005,F115W,jw05893001004_03101_00001_nrcb1_cal.fits,mast:JWST/product/jw05893001004_03101_00001_nrcb1_cal.fits,OUTSIDE_DETECTOR,60791.68710052083,F115W,,,,,
210975,epoch_005,F115W,jw05893001004_03101_00001_nrcb3_cal.fits,mast:JWST/product/jw05893001004_03101_00001_nrcb3_cal.fits,OUTSIDE_DETECTOR,60791.68710052083,F115W,,,,,
210975,epoch_005,F115W,jw05893001004_05101_00002_nrcb2_cal.fits,mast:JWST/product/jw05893001004_05101_00002_nrcb2_cal.fits,OUTSIDE_DETECTOR,60791.68710052083,F115W,,,,,
210975,epoch_005,F115W,jw05893001004_03101_00001_nrca3_cal.fits,mast:JWST/product/jw05893001004_03101_00001_nrca3_cal.fits,COVERED,60791.68710052083,F115W,1662.2441308315745,913.4069600625219,60791.853164803244,NRCA3,F115W
210975,epoch_005,F115W,jw05893001004_03101_00001_nrca2_cal.fits,mast:JWST/product/jw05893001004_03101_00001_nrca2_cal.fits,OUTSIDE_DETECTOR,60791.68710052083,F115W,,,,,
210975,epoch_005,F115W,jw05893001004_05101_00001_nrca1_cal.fits,mast:JWST/product/jw05893001004_05101_00001_nrca1_cal.fits,OUTSIDE_DETECTOR,60791.68710052083,F115W,,,,,
210975,epoch_005,F115W,jw05893001004_05101_00001_nrca3_cal.fits,mast:JWST/product/jw05893001004_05101_00001_nrca3_cal.fits,COVERED,60791.68710052083,F115W,1150.259708044269,985.916172072162,60791.85987590278,NRCA3,F115W
210975,epoch_006,F115W,jw05893026001_05101_00002_nrcb3_cal.fits,mast:JWST/product/jw05893026001_05101_00002_nrcb3_cal.fits,OUTSIDE_DETECTOR,61185.3810153588,F115W,,,,,
210975,epoch_006,F115W,jw05893026001_05101_00002_nrca3_cal.fits,mast:JWST/product/jw05893026001_05101_00002_nrca3_cal.fits,COVERED,61185.3810153588,F115W,1915.714394042605,983.9415456441059,61185.68054469908,NRCA3,F115W
210975,epoch_006,F115W,jw05893026001_05101_00002_nrcb1_cal.fits,mast:JWST/product/jw05893026001_05101_00002_nrcb1_cal.fits,OUTSIDE_DETECTOR,61185.3810153588,F115W,,,,,
210975,epoch_006,F115W,jw05893026001_05101_00002_nrcb4_cal.fits,mast:JWST/product/jw05893026001_05101_00002_nrcb4_cal.fits,OUTSIDE_DETECTOR,61185.3810153588,F115W,,,,,
210975,epoch_006,F115W,jw05893026001_03101_00001_nrca3_cal.fits,mast:JWST/product/jw05893026001_03101_00001_nrca3_cal.fits,COVERED,61185.3810153588,F115W,1662.3724515426206,913.3608084564524,61185.66923581019,NRCA3,F115W
210975,epoch_006,F115W,jw05893026001_03101_00001_nrcb2_cal.fits,mast:JWST/product/jw05893026001_03101_00001_nrcb2_cal.fits,OUTSIDE_DETECTOR,61185.3810153588,F115W,,,,,
210975,epoch_006,F115W,jw05893026001_03101_00001_nrcb4_cal.fits,mast:JWST/product/jw05893026001_03101_00001_nrcb4_cal.fits,OUTSIDE_DETECTOR,61185.3810153588,F115W,,,,,
210975,epoch_006,F115W,jw05893026001_05101_00001_nrca1_cal.fits,mast:JWST/product/jw05893026001_05101_00001_nrca1_cal.fits,OUTSIDE_DETECTOR,61185.3810153588,F115W,,,,,
210975,epoch_006,F115W,jw05893026001_03101_00001_nrcb1_cal.fits,mast:JWST/product/jw05893026001_03101_00001_nrcb1_cal.fits,OUTSIDE_DETECTOR,61185.3810153588,F115W,,,,,
210975,epoch_006,F115W,jw05893026001_03101_00001_nrca4_cal.fits,mast:JWST/product/jw05893026001_03101_00001_nrca4_cal.fits,OUTSIDE_DETECTOR,61185.3810153588,F115W,,,,,
210975,epoch_006,F115W,jw05893026001_05101_00002_nrcb2_cal.fits,mast:JWST/product/jw05893026001_05101_00002_nrcb2_cal.fits,OUTSIDE_DETECTOR,61185.3810153588,F115W,,,,,
210975,epoch_006,F115W,jw05893026001_05101_00001_nrca2_cal.fits,mast:JWST/product/jw05893026001_05101_00001_nrca2_cal.fits,OUTSIDE_DETECTOR,61185.3810153588,F115W,,,,,
210975,epoch_006,F115W,jw05893026001_05101_00001_nrca4_cal.fits,mast:JWST/product/jw05893026001_05101_00001_nrca4_cal.fits,OUTSIDE_DETECTOR,61185.3810153588,F115W,,,,,
210975,epoch_006,F115W,jw05893026001_05101_00002_nrca1_cal.fits,mast:JWST/product/jw05893026001_05101_00002_nrca1_cal.fits,OUTSIDE_DETECTOR,61185.3810153588,F115W,,,,,
210975,epoch_006,F115W,jw05893026001_05101_00001_nrcb1_cal.fits,mast:JWST/product/jw05893026001_05101_00001_nrcb1_cal.fits,OUTSIDE_DETECTOR,61185.3810153588,F115W,,,,,
210975,epoch_006,F115W,jw05893026001_05101_00001_nrcb4_cal.fits,mast:JWST/product/jw05893026001_05101_00001_nrcb4_cal.fits,OUTSIDE_DETECTOR,61185.3810153588,F115W,,,,,
210975,epoch_006,F115W,jw05893026001_03101_00001_nrcb3_cal.fits,mast:JWST/product/jw05893026001_03101_00001_nrcb3_cal.fits,OUTSIDE_DETECTOR,61185.3810153588,F115W,,,,,
210975,epoch_006,F115W,jw05893026001_05101_00002_nrca2_cal.fits,mast:JWST/product/jw05893026001_05101_00002_nrca2_cal.fits,OUTSIDE_DETECTOR,61185.3810153588,F115W,,,,,
210975,epoch_006,F115W,jw05893026001_03101_00001_nrca2_cal.fits,mast:JWST/product/jw05893026001_03101_00001_nrca2_cal.fits,OUTSIDE_DETECTOR,61185.3810153588,F115W,,,,,
210975,epoch_006,F115W,jw05893026001_05101_00001_nrcb2_cal.fits,mast:JWST/product/jw05893026001_05101_00001_nrcb2_cal.fits,OUTSIDE_DETECTOR,61185.3810153588,F115W,,,,,
210975,epoch_006,F115W,jw05893026001_05101_00002_nrca4_cal.fits,mast:JWST/product/jw05893026001_05101_00002_nrca4_cal.fits,OUTSIDE_DETECTOR,61185.3810153588,F115W,,,,,
210975,epoch_006,F115W,jw05893026001_05101_00001_nrca3_cal.fits,mast:JWST/product/jw05893026001_05101_00001_nrca3_cal.fits,COVERED,61185.3810153588,F115W,1150.377155176629,985.8453650196236,61185.67582247685,NRCA3,F115W
210975,epoch_006,F115W,jw05893026001_03101_00001_nrca1_cal.fits,mast:JWST/product/jw05893026001_03101_00001_nrca1_cal.fits,OUTSIDE_DETECTOR,61185.3810153588,F115W,,,,,
210975,epoch_006,F115W,jw05893026001_05101_00001_nrcb3_cal.fits,mast:JWST/product/jw05893026001_05101_00001_nrcb3_cal.fits,OUTSIDE_DETECTOR,61185.3810153588,F115W,,,,,
210975,epoch_006,F115W,jw05893025001_03101_00001_nrca1_cal.fits,mast:JWST/product/jw05893025001_03101_00001_nrca1_cal.fits,OUTSIDE_DETECTOR,61185.3810153588,F115W,,,,,
210975,epoch_006,F115W,jw05893025001_05101_00001_nrca1_cal.fits,mast:JWST/product/jw05893025001_05101_00001_nrca1_cal.fits,OUTSIDE_DETECTOR,61185.3810153588,F115W,,,,,
210975,epoch_006,F115W,jw05893025001_05101_00002_nrca1_cal.fits,mast:JWST/product/jw05893025001_05101_00002_nrca1_cal.fits,OUTSIDE_DETECTOR,61185.3810153588,F115W,,,,,
210975,epoch_006,F115W,jw05893025001_05101_00002_nrcb1_cal.fits,mast:JWST/product/jw05893025001_05101_00002_nrcb1_cal.fits,OUTSIDE_DETECTOR,61185.3810153588,F115W,,,,,
210975,epoch_006,F115W,jw05893025001_03101_00001_nrca2_cal.fits,mast:JWST/product/jw05893025001_03101_00001_nrca2_cal.fits,OUTSIDE_DETECTOR,61185.3810153588,F115W,,,,,
210975,epoch_006,F115W,jw05893025001_03101_00001_nrcb1_cal.fits,mast:JWST/product/jw05893025001_03101_00001_nrcb1_cal.fits,OUTSIDE_DETECTOR,61185.3810153588,F115W,,,,,
210975,epoch_006,F115W,jw05893025001_05101_00001_nrcb1_cal.fits,mast:JWST/product/jw05893025001_05101_00001_nrcb1_cal.fits,OUTSIDE_DETECTOR,61185.3810153588,F115W,,,,,
210975,epoch_006,F115W,jw05893025001_03101_00001_nrcb2_cal.fits,mast:JWST/product/jw05893025001_03101_00001_nrcb2_cal.fits,OUTSIDE_DETECTOR,61185.3810153588,F115W,,,,,
210975,epoch_006,F115W,jw05893025001_05101_00002_nrca4_cal.fits,mast:JWST/product/jw05893025001_05101_00002_nrca4_cal.fits,OUTSIDE_DETECTOR,61185.3810153588,F115W,,,,,
210975,epoch_006,F115W,jw05893025001_05101_00001_nrca3_cal.fits,mast:JWST/product/jw05893025001_05101_00001_nrca3_cal.fits,OUTSIDE_DETECTOR,61185.3810153588,F115W,,,,,
210975,epoch_006,F115W,jw05893025001_05101_00001_nrcb2_cal.fits,mast:JWST/product/jw05893025001_05101_00001_nrcb2_cal.fits,OUTSIDE_DETECTOR,61185.3810153588,F115W,,,,,
210975,epoch_006,F115W,jw05893025001_05101_00002_nrcb3_cal.fits,mast:JWST/product/jw05893025001_05101_00002_nrcb3_cal.fits,OUTSIDE_DETECTOR,61185.3810153588,F115W,,,,,
210975,epoch_006,F115W,jw05893025001_05101_00002_nrcb2_cal.fits,mast:JWST/product/jw05893025001_05101_00002_nrcb2_cal.fits,OUTSIDE_DETECTOR,61185.3810153588,F115W,,,,,
210975,epoch_006,F115W,jw05893025001_03101_00001_nrca3_cal.fits,mast:JWST/product/jw05893025001_03101_00001_nrca3_cal.fits,OUTSIDE_DETECTOR,61185.3810153588,F115W,,,,,
210975,epoch_006,F115W,jw05893025001_05101_00001_nrca4_cal.fits,mast:JWST/product/jw05893025001_05101_00001_nrca4_cal.fits,OUTSIDE_DETECTOR,61185.3810153588,F115W,,,,,
210975,epoch_006,F115W,jw05893025001_03101_00001_nrcb4_cal.fits,mast:JWST/product/jw05893025001_03101_00001_nrcb4_cal.fits,COVERED,61185.3810153588,F115W,1881.0440742769185,903.429636650303,61185.09279563658,NRCB4,F115W
210975,epoch_007,F150W,jw01727119001_04101_00002_nrca2_cal.fits,mast:JWST/product/jw01727119001_04101_00002_nrca2_cal.fits,OUTSIDE_DETECTOR,60041.17435663194,F150W,,,,,
210975,epoch_007,F150W,jw01727119001_04101_00002_nrca1_cal.fits,mast:JWST/product/jw01727119001_04101_00002_nrca1_cal.fits,OUTSIDE_DETECTOR,60041.17435663194,F150W,,,,,
210975,epoch_007,F150W,jw01727119001_04101_00001_nrca2_cal.fits,mast:JWST/product/jw01727119001_04101_00001_nrca2_cal.fits,OUTSIDE_DETECTOR,60041.17435663194,F150W,,,,,
210975,epoch_007,F150W,jw01727119001_04101_00001_nrca1_cal.fits,mast:JWST/product/jw01727119001_04101_00001_nrca1_cal.fits,OUTSIDE_DETECTOR,60041.17435663194,F150W,,,,,
210975,epoch_007,F150W,jw01727119001_04101_00003_nrcb4_cal.fits,mast:JWST/product/jw01727119001_04101_00003_nrcb4_cal.fits,OUTSIDE_DETECTOR,60041.17435663194,F150W,,,,,
210975,epoch_007,F150W,jw01727119001_04101_00001_nrca4_cal.fits,mast:JWST/product/jw01727119001_04101_00001_nrca4_cal.fits,OUTSIDE_DETECTOR,60041.17435663194,F150W,,,,,
210975,epoch_007,F150W,jw01727119001_04101_00002_nrcb1_cal.fits,mast:JWST/product/jw01727119001_04101_00002_nrcb1_cal.fits,OUTSIDE_DETECTOR,60041.17435663194,F150W,,,,,
210975,epoch_007,F150W,jw01727119001_04101_00003_nrca2_cal.fits,mast:JWST/product/jw01727119001_04101_00003_nrca2_cal.fits,OUTSIDE_DETECTOR,60041.17435663194,F150W,,,,,
210975,epoch_007,F150W,jw01727119001_04101_00001_nrca3_cal.fits,mast:JWST/product/jw01727119001_04101_00001_nrca3_cal.fits,OUTSIDE_DETECTOR,60041.17435663194,F150W,,,,,
210975,epoch_007,F150W,jw01727119001_04101_00004_nrca2_cal.fits,mast:JWST/product/jw01727119001_04101_00004_nrca2_cal.fits,OUTSIDE_DETECTOR,60041.17435663194,F150W,,,,,
210975,epoch_007,F150W,jw01727119001_04101_00004_nrcb3_cal.fits,mast:JWST/product/jw01727119001_04101_00004_nrcb3_cal.fits,COVERED,60041.17435663194,F150W,1310.1514316690468,2037.1011018135775,60041.18902106481,NRCB3,F150W
210975,epoch_007,F150W,jw01727119001_04101_00002_nrcb3_cal.fits,mast:JWST/product/jw01727119001_04101_00002_nrcb3_cal.fits,OUTSIDE_DETECTOR,60041.17435663194,F150W,,,,,
210975,epoch_007,F150W,jw01727119001_04101_00003_nrcb2_cal.fits,mast:JWST/product/jw01727119001_04101_00003_nrcb2_cal.fits,OUTSIDE_DETECTOR,60041.17435663194,F150W,,,,,
210975,epoch_007,F150W,jw01727119001_04101_00004_nrcb1_cal.fits,mast:JWST/product/jw01727119001_04101_00004_nrcb1_cal.fits,OUTSIDE_DETECTOR,60041.17435663194,F150W,,,,,
210975,epoch_007,F150W,jw01727119001_04101_00003_nrca4_cal.fits,mast:JWST/product/jw01727119001_04101_00003_nrca4_cal.fits,OUTSIDE_DETECTOR,60041.17435663194,F150W,,,,,
210975,epoch_007,F150W,jw01727119001_04101_00002_nrcb2_cal.fits,mast:JWST/product/jw01727119001_04101_00002_nrcb2_cal.fits,OUTSIDE_DETECTOR,60041.17435663194,F150W,,,,,
210975,epoch_007,F150W,jw01727119001_04101_00002_nrcb4_cal.fits,mast:JWST/product/jw01727119001_04101_00002_nrcb4_cal.fits,OUTSIDE_DETECTOR,60041.17435663194,F150W,,,,,
210975,epoch_007,F150W,jw01727119001_04101_00002_nrca4_cal.fits,mast:JWST/product/jw01727119001_04101_00002_nrca4_cal.fits,OUTSIDE_DETECTOR,60041.17435663194,F150W,,,,,
210975,epoch_007,F150W,jw01727119001_04101_00004_nrcb4_cal.fits,mast:JWST/product/jw01727119001_04101_00004_nrcb4_cal.fits,OUTSIDE_DETECTOR,60041.17435663194,F150W,,,,,
210975,epoch_007,F150W,jw01727119001_04101_00004_nrcb2_cal.fits,mast:JWST/product/jw01727119001_04101_00004_nrcb2_cal.fits,OUTSIDE_DETECTOR,60041.17435663194,F150W,,,,,
210975,epoch_007,F150W,jw01727119001_04101_00004_nrca1_cal.fits,mast:JWST/product/jw01727119001_04101_00004_nrca1_cal.fits,OUTSIDE_DETECTOR,60041.17435663194,F150W,,,,,
210975,epoch_007,F150W,jw01727119001_04101_00001_nrcb3_cal.fits,mast:JWST/product/jw01727119001_04101_00001_nrcb3_cal.fits,OUTSIDE_DETECTOR,60041.17435663194,F150W,,,,,
210975,epoch_007,F150W,jw01727119001_04101_00003_nrcb1_cal.fits,mast:JWST/product/jw01727119001_04101_00003_nrcb1_cal.fits,OUTSIDE_DETECTOR,60041.17435663194,F150W,,,,,
210975,epoch_007,F150W,jw01727119001_04101_00003_nrca3_cal.fits,mast:JWST/product/jw01727119001_04101_00003_nrca3_cal.fits,OUTSIDE_DETECTOR,60041.17435663194,F150W,,,,,
210975,epoch_007,F150W,jw01727119001_04101_00003_nrcb3_cal.fits,mast:JWST/product/jw01727119001_04101_00003_nrcb3_cal.fits,OUTSIDE_DETECTOR,60041.17435663194,F150W,,,,,
210975,epoch_007,F150W,jw01727119001_04101_00004_nrca3_cal.fits,mast:JWST/product/jw01727119001_04101_00004_nrca3_cal.fits,OUTSIDE_DETECTOR,60041.17435663194,F150W,,,,,
210975,epoch_007,F150W,jw01727119001_04101_00003_nrca1_cal.fits,mast:JWST/product/jw01727119001_04101_00003_nrca1_cal.fits,OUTSIDE_DETECTOR,60041.17435663194,F150W,,,,,
210975,epoch_007,F150W,jw01727119001_04101_00001_nrcb2_cal.fits,mast:JWST/product/jw01727119001_04101_00001_nrcb2_cal.fits,OUTSIDE_DETECTOR,60041.17435663194,F150W,,,,,
210975,epoch_007,F150W,jw01727119001_04101_00001_nrcb4_cal.fits,mast:JWST/product/jw01727119001_04101_00001_nrcb4_cal.fits,OUTSIDE_DETECTOR,60041.17435663194,F150W,,,,,
210975,epoch_007,F150W,jw01727119001_04101_00002_nrca3_cal.fits,mast:JWST/product/jw01727119001_04101_00002_nrca3_cal.fits,OUTSIDE_DETECTOR,60041.17435663194,F150W,,,,,
210975,epoch_007,F150W,jw01727119001_04101_00004_nrca4_cal.fits,mast:JWST/product/jw01727119001_04101_00004_nrca4_cal.fits,OUTSIDE_DETECTOR,60041.17435663194,F150W,,,,,
210975,epoch_007,F150W,jw01727119001_04101_00001_nrcb1_cal.fits,mast:JWST/product/jw01727119001_04101_00001_nrcb1_cal.fits,OUTSIDE_DETECTOR,60041.17435663194,F150W,,,,,
210975,epoch_008,F150W,jw01727121001_04101_00002_nrcb3_cal.fits,mast:JWST/product/jw01727121001_04101_00002_nrcb3_cal.fits,OUTSIDE_DETECTOR,60043.73979181713,F150W,,,,,
210975,epoch_008,F150W,jw01727121001_04101_00002_nrca2_cal.fits,mast:JWST/product/jw01727121001_04101_00002_nrca2_cal.fits,OUTSIDE_DETECTOR,60043.73979181713,F150W,,,,,
210975,epoch_008,F150W,jw01727121001_04101_00002_nrcb4_cal.fits,mast:JWST/product/jw01727121001_04101_00002_nrcb4_cal.fits,OUTSIDE_DETECTOR,60043.73979181713,F150W,,,,,
210975,epoch_008,F150W,jw01727121001_04101_00002_nrca4_cal.fits,mast:JWST/product/jw01727121001_04101_00002_nrca4_cal.fits,OUTSIDE_DETECTOR,60043.73979181713,F150W,,,,,
210975,epoch_008,F150W,jw01727121001_04101_00002_nrcb1_cal.fits,mast:JWST/product/jw01727121001_04101_00002_nrcb1_cal.fits,OUTSIDE_DETECTOR,60043.73979181713,F150W,,,,,
210975,epoch_008,F150W,jw01727121001_04101_00002_nrca1_cal.fits,mast:JWST/product/jw01727121001_04101_00002_nrca1_cal.fits,OUTSIDE_DETECTOR,60043.73979181713,F150W,,,,,
210975,epoch_008,F150W,jw01727121001_04101_00002_nrca3_cal.fits,mast:JWST/product/jw01727121001_04101_00002_nrca3_cal.fits,OUTSIDE_DETECTOR,60043.73979181713,F150W,,,,,
210975,epoch_008,F150W,jw01727121001_04101_00002_nrcb2_cal.fits,mast:JWST/product/jw01727121001_04101_00002_nrcb2_cal.fits,OUTSIDE_DETECTOR,60043.73979181713,F150W,,,,,
210975,epoch_008,F150W,jw01727121001_04101_00003_nrca1_cal.fits,mast:JWST/product/jw01727121001_04101_00003_nrca1_cal.fits,OUTSIDE_DETECTOR,60043.73979181713,F150W,,,,,
210975,epoch_008,F150W,jw01727121001_04101_00003_nrcb4_cal.fits,mast:JWST/product/jw01727121001_04101_00003_nrcb4_cal.fits,COVERED,60043.73979181713,F150W,1530.520926886236,215.49007130757897,60043.75035476852,NRCB4,F150W
210975,epoch_008,F150W,jw01727121001_04101_00001_nrca1_cal.fits,mast:JWST/product/jw01727121001_04101_00001_nrca1_cal.fits,OUTSIDE_DETECTOR,60043.73979181713,F150W,,,,,
210975,epoch_008,F150W,jw01727121001_04101_00004_nrca4_cal.fits,mast:JWST/product/jw01727121001_04101_00004_nrca4_cal.fits,OUTSIDE_DETECTOR,60043.73979181713,F150W,,,,,
210975,epoch_008,F150W,jw01727121001_04101_00004_nrcb4_cal.fits,mast:JWST/product/jw01727121001_04101_00004_nrcb4_cal.fits,COVERED,60043.73979181713,F150W,1536.951719007615,26.042511429322396,60043.75433106482,NRCB4,F150W
210975,epoch_008,F150W,jw01727121001_04101_00004_nrcb2_cal.fits,mast:JWST/product/jw01727121001_04101_00004_nrcb2_cal.fits,OUTSIDE_DETECTOR,60043.73979181713,F150W,,,,,
210975,epoch_008,F150W,jw01727121001_04101_00003_nrcb1_cal.fits,mast:JWST/product/jw01727121001_04101_00003_nrcb1_cal.fits,OUTSIDE_DETECTOR,60043.73979181713,F150W,,,,,
210975,epoch_008,F150W,jw01727121001_04101_00001_nrcb3_cal.fits,mast:JWST/product/jw01727121001_04101_00001_nrcb3_cal.fits,OUTSIDE_DETECTOR,60043.73979181713,F150W,,,,,
210975,epoch_008,F150W,jw01727121001_04101_00003_nrcb2_cal.fits,mast:JWST/product/jw01727121001_04101_00003_nrcb2_cal.fits,OUTSIDE_DETECTOR,60043.73979181713,F150W,,,,,
210975,epoch_008,F150W,jw01727121001_04101_00001_nrcb4_cal.fits,mast:JWST/product/jw01727121001_04101_00001_nrcb4_cal.fits,OUTSIDE_DETECTOR,60043.73979181713,F150W,,,,,
210975,epoch_008,F150W,jw01727121001_04101_00004_nrca3_cal.fits,mast:JWST/product/jw01727121001_04101_00004_nrca3_cal.fits,OUTSIDE_DETECTOR,60043.73979181713,F150W,,,,,
210975,epoch_008,F150W,jw01727121001_04101_00003_nrca3_cal.fits,mast:JWST/product/jw01727121001_04101_00003_nrca3_cal.fits,OUTSIDE_DETECTOR,60043.73979181713,F150W,,,,,
210975,epoch_008,F150W,jw01727121001_04101_00001_nrca4_cal.fits,mast:JWST/product/jw01727121001_04101_00001_nrca4_cal.fits,OUTSIDE_DETECTOR,60043.73979181713,F150W,,,,,
210975,epoch_008,F150W,jw01727121001_04101_00003_nrcb3_cal.fits,mast:JWST/product/jw01727121001_04101_00003_nrcb3_cal.fits,OUTSIDE_DETECTOR,60043.73979181713,F150W,,,,,
210975,epoch_008,F150W,jw01727121001_04101_00003_nrca4_cal.fits,mast:JWST/product/jw01727121001_04101_00003_nrca4_cal.fits,OUTSIDE_DETECTOR,60043.73979181713,F150W,,,,,
210975,epoch_008,F150W,jw01727121001_04101_00004_nrcb3_cal.fits,mast:JWST/product/jw01727121001_04101_00004_nrcb3_cal.fits,OUTSIDE_DETECTOR,60043.73979181713,F150W,,,,,
210975,epoch_008,F150W,jw01727121001_04101_00004_nrcb1_cal.fits,mast:JWST/product/jw01727121001_04101_00004_nrcb1_cal.fits,OUTSIDE_DETECTOR,60043.73979181713,F150W,,,,,
210975,epoch_008,F150W,jw01727121001_04101_00004_nrca2_cal.fits,mast:JWST/product/jw01727121001_04101_00004_nrca2_cal.fits,OUTSIDE_DETECTOR,60043.73979181713,F150W,,,,,
210975,epoch_008,F150W,jw01727121001_04101_00001_nrcb1_cal.fits,mast:JWST/product/jw01727121001_04101_00001_nrcb1_cal.fits,OUTSIDE_DETECTOR,60043.73979181713,F150W,,,,,
210975,epoch_008,F150W,jw01727121001_04101_00001_nrcb2_cal.fits,mast:JWST/product/jw01727121001_04101_00001_nrcb2_cal.fits,OUTSIDE_DETECTOR,60043.73979181713,F150W,,,,,
210975,epoch_008,F150W,jw01727121001_04101_00003_nrca2_cal.fits,mast:JWST/product/jw01727121001_04101_00003_nrca2_cal.fits,OUTSIDE_DETECTOR,60043.73979181713,F150W,,,,,
210975,epoch_008,F150W,jw01727121001_04101_00004_nrca1_cal.fits,mast:JWST/product/jw01727121001_04101_00004_nrca1_cal.fits,OUTSIDE_DETECTOR,60043.73979181713,F150W,,,,,
210975,epoch_008,F150W,jw01727121001_04101_00001_nrca2_cal.fits,mast:JWST/product/jw01727121001_04101_00001_nrca2_cal.fits,OUTSIDE_DETECTOR,60043.73979181713,F150W,,,,,
210975,epoch_008,F150W,jw01727121001_04101_00001_nrca3_cal.fits,mast:JWST/product/jw01727121001_04101_00001_nrca3_cal.fits,OUTSIDE_DETECTOR,60043.73979181713,F150W,,,,,
210975,epoch_009,F150W,jw06434341001_03201_00003_nrca3_cal.fits,mast:JWST/product/jw06434341001_03201_00003_nrca3_cal.fits,OUTSIDE_DETECTOR,60771.072057384255,F150W,,,,,
210975,epoch_009,F150W,jw06434341001_03201_00001_nrcb2_cal.fits,mast:JWST/product/jw06434341001_03201_00001_nrcb2_cal.fits,OUTSIDE_DETECTOR,60771.072057384255,F150W,,,,,
210975,epoch_009,F150W,jw06434341001_03201_00004_nrca2_cal.fits,mast:JWST/product/jw06434341001_03201_00004_nrca2_cal.fits,OUTSIDE_DETECTOR,60771.072057384255,F150W,,,,,
210975,epoch_009,F150W,jw06434341001_03201_00004_nrcb2_cal.fits,mast:JWST/product/jw06434341001_03201_00004_nrcb2_cal.fits,OUTSIDE_DETECTOR,60771.072057384255,F150W,,,,,
210975,epoch_009,F150W,jw06434341001_03201_00001_nrcb4_cal.fits,mast:JWST/product/jw06434341001_03201_00001_nrcb4_cal.fits,OUTSIDE_DETECTOR,60771.072057384255,F150W,,,,,
210975,epoch_009,F150W,jw06434341001_03201_00002_nrcb4_cal.fits,mast:JWST/product/jw06434341001_03201_00002_nrcb4_cal.fits,OUTSIDE_DETECTOR,60771.072057384255,F150W,,,,,
210975,epoch_009,F150W,jw06434341001_03201_00001_nrca3_cal.fits,mast:JWST/product/jw06434341001_03201_00001_nrca3_cal.fits,OUTSIDE_DETECTOR,60771.072057384255,F150W,,,,,
210975,epoch_009,F150W,jw06434341001_03201_00003_nrcb2_cal.fits,mast:JWST/product/jw06434341001_03201_00003_nrcb2_cal.fits,OUTSIDE_DETECTOR,60771.072057384255,F150W,,,,,
210975,epoch_009,F150W,jw06434341001_03201_00004_nrcb3_cal.fits,mast:JWST/product/jw06434341001_03201_00004_nrcb3_cal.fits,OUTSIDE_DETECTOR,60771.072057384255,F150W,,,,,
210975,epoch_009,F150W,jw06434341001_03201_00003_nrcb3_cal.fits,mast:JWST/product/jw06434341001_03201_00003_nrcb3_cal.fits,OUTSIDE_DETECTOR,60771.072057384255,F150W,,,,,
210975,epoch_009,F150W,jw06434341001_03201_00001_nrca4_cal.fits,mast:JWST/product/jw06434341001_03201_00001_nrca4_cal.fits,OUTSIDE_DETECTOR,60771.072057384255,F150W,,,,,
210975,epoch_009,F150W,jw06434341001_03201_00003_nrcb4_cal.fits,mast:JWST/product/jw06434341001_03201_00003_nrcb4_cal.fits,OUTSIDE_DETECTOR,60771.072057384255,F150W,,,,,
210975,epoch_009,F150W,jw06434341001_03201_00004_nrcb1_cal.fits,mast:JWST/product/jw06434341001_03201_00004_nrcb1_cal.fits,OUTSIDE_DETECTOR,60771.072057384255,F150W,,,,,
210975,epoch_009,F150W,jw06434341001_03201_00003_nrcb1_cal.fits,mast:JWST/product/jw06434341001_03201_00003_nrcb1_cal.fits,OUTSIDE_DETECTOR,60771.072057384255,F150W,,,,,
210975,epoch_009,F150W,jw06434341001_03201_00001_nrcb3_cal.fits,mast:JWST/product/jw06434341001_03201_00001_nrcb3_cal.fits,OUTSIDE_DETECTOR,60771.072057384255,F150W,,,,,
210975,epoch_009,F150W,jw06434341001_03201_00002_nrcb1_cal.fits,mast:JWST/product/jw06434341001_03201_00002_nrcb1_cal.fits,OUTSIDE_DETECTOR,60771.072057384255,F150W,,,,,
210975,epoch_009,F150W,jw06434341001_03201_00003_nrca4_cal.fits,mast:JWST/product/jw06434341001_03201_00003_nrca4_cal.fits,OUTSIDE_DETECTOR,60771.072057384255,F150W,,,,,
210975,epoch_009,F150W,jw06434341001_03201_00001_nrca1_cal.fits,mast:JWST/product/jw06434341001_03201_00001_nrca1_cal.fits,OUTSIDE_DETECTOR,60771.072057384255,F150W,,,,,
210975,epoch_009,F150W,jw06434341001_03201_00003_nrca1_cal.fits,mast:JWST/product/jw06434341001_03201_00003_nrca1_cal.fits,OUTSIDE_DETECTOR,60771.072057384255,F150W,,,,,
210975,epoch_009,F150W,jw06434341001_03201_00002_nrca2_cal.fits,mast:JWST/product/jw06434341001_03201_00002_nrca2_cal.fits,OUTSIDE_DETECTOR,60771.072057384255,F150W,,,,,
210975,epoch_009,F150W,jw06434341001_03201_00001_nrcb1_cal.fits,mast:JWST/product/jw06434341001_03201_00001_nrcb1_cal.fits,OUTSIDE_DETECTOR,60771.072057384255,F150W,,,,,
210975,epoch_009,F150W,jw06434341001_03201_00003_nrca2_cal.fits,mast:JWST/product/jw06434341001_03201_00003_nrca2_cal.fits,OUTSIDE_DETECTOR,60771.072057384255,F150W,,,,,
210975,epoch_009,F150W,jw06434341001_03201_00004_nrcb4_cal.fits,mast:JWST/product/jw06434341001_03201_00004_nrcb4_cal.fits,OUTSIDE_DETECTOR,60771.072057384255,F150W,,,,,
210975,epoch_009,F150W,jw06434341001_03201_00002_nrca1_cal.fits,mast:JWST/product/jw06434341001_03201_00002_nrca1_cal.fits,OUTSIDE_DETECTOR,60771.072057384255,F150W,,,,,
210975,epoch_009,F150W,jw06434341001_03201_00002_nrcb2_cal.fits,mast:JWST/product/jw06434341001_03201_00002_nrcb2_cal.fits,OUTSIDE_DETECTOR,60771.072057384255,F150W,,,,,
210975,epoch_009,F150W,jw06434341001_03201_00001_nrca2_cal.fits,mast:JWST/product/jw06434341001_03201_00001_nrca2_cal.fits,OUTSIDE_DETECTOR,60771.072057384255,F150W,,,,,
210975,epoch_009,F150W,jw06434341001_03201_00002_nrcb3_cal.fits,mast:JWST/product/jw06434341001_03201_00002_nrcb3_cal.fits,OUTSIDE_DETECTOR,60771.072057384255,F150W,,,,,
210975,epoch_009,F150W,jw06434341001_03201_00002_nrca4_cal.fits,mast:JWST/product/jw06434341001_03201_00002_nrca4_cal.fits,OUTSIDE_DETECTOR,60771.072057384255,F150W,,,,,
210975,epoch_009,F150W,jw06434341001_03201_00004_nrca1_cal.fits,mast:JWST/product/jw06434341001_03201_00004_nrca1_cal.fits,OUTSIDE_DETECTOR,60771.072057384255,F150W,,,,,
210975,epoch_009,F150W,jw06434341001_03201_00004_nrca3_cal.fits,mast:JWST/product/jw06434341001_03201_00004_nrca3_cal.fits,OUTSIDE_DETECTOR,60771.072057384255,F150W,,,,,
210975,epoch_009,F150W,jw06434341001_03201_00004_nrca4_cal.fits,mast:JWST/product/jw06434341001_03201_00004_nrca4_cal.fits,OUTSIDE_DETECTOR,60771.072057384255,F150W,,,,,
210975,epoch_009,F150W,jw06434341001_03201_00002_nrca3_cal.fits,mast:JWST/product/jw06434341001_03201_00002_nrca3_cal.fits,OUTSIDE_DETECTOR,60771.072057384255,F150W,,,,,
210975,epoch_009,F150W,jw06434344001_03201_00001_nrcb1_cal.fits,mast:JWST/product/jw06434344001_03201_00001_nrcb1_cal.fits,OUTSIDE_DETECTOR,60771.072057384255,F150W,,,,,
210975,epoch_009,F150W,jw06434344001_03201_00002_nrcb4_cal.fits,mast:JWST/product/jw06434344001_03201_00002_nrcb4_cal.fits,OUTSIDE_DETECTOR,60771.072057384255,F150W,,,,,
210975,epoch_009,F150W,jw06434344001_03201_00001_nrca2_cal.fits,mast:JWST/product/jw06434344001_03201_00001_nrca2_cal.fits,OUTSIDE_DETECTOR,60771.072057384255,F150W,,,,,
210975,epoch_009,F150W,jw06434344001_03201_00002_nrcb2_cal.fits,mast:JWST/product/jw06434344001_03201_00002_nrcb2_cal.fits,OUTSIDE_DETECTOR,60771.072057384255,F150W,,,,,
210975,epoch_009,F150W,jw06434344001_03201_00001_nrca4_cal.fits,mast:JWST/product/jw06434344001_03201_00001_nrca4_cal.fits,OUTSIDE_DETECTOR,60771.072057384255,F150W,,,,,
210975,epoch_009,F150W,jw06434344001_03201_00002_nrca2_cal.fits,mast:JWST/product/jw06434344001_03201_00002_nrca2_cal.fits,OUTSIDE_DETECTOR,60771.072057384255,F150W,,,,,
210975,epoch_009,F150W,jw06434344001_03201_00001_nrca1_cal.fits,mast:JWST/product/jw06434344001_03201_00001_nrca1_cal.fits,OUTSIDE_DETECTOR,60771.072057384255,F150W,,,,,
210975,epoch_009,F150W,jw06434344001_03201_00002_nrcb3_cal.fits,mast:JWST/product/jw06434344001_03201_00002_nrcb3_cal.fits,OUTSIDE_DETECTOR,60771.072057384255,F150W,,,,,
210975,epoch_009,F150W,jw06434344001_03201_00001_nrcb2_cal.fits,mast:JWST/product/jw06434344001_03201_00001_nrcb2_cal.fits,OUTSIDE_DETECTOR,60771.072057384255,F150W,,,,,
210975,epoch_009,F150W,jw06434344001_03201_00001_nrcb3_cal.fits,mast:JWST/product/jw06434344001_03201_00001_nrcb3_cal.fits,COVERED,60771.072057384255,F150W,92.89188596053071,730.0601251474243,60771.152392118056,NRCB3,F150W
210975,epoch_009,F150W,jw06434344001_03201_00002_nrca4_cal.fits,mast:JWST/product/jw06434344001_03201_00002_nrca4_cal.fits,OUTSIDE_DETECTOR,60771.072057384255,F150W,,,,,
210975,epoch_009,F150W,jw06434344001_03201_00002_nrca1_cal.fits,mast:JWST/product/jw06434344001_03201_00002_nrca1_cal.fits,OUTSIDE_DETECTOR,60771.072057384255,F150W,,,,,
210975,epoch_009,F150W,jw06434344001_03201_00002_nrcb1_cal.fits,mast:JWST/product/jw06434344001_03201_00002_nrcb1_cal.fits,OUTSIDE_DETECTOR,60771.072057384255,F150W,,,,,
210975,epoch_009,F150W,jw06434344001_03201_00001_nrcb4_cal.fits,mast:JWST/product/jw06434344001_03201_00001_nrcb4_cal.fits,OUTSIDE_DETECTOR,60771.072057384255,F150W,,,,,
210975,epoch_009,F150W,jw06434344001_03201_00002_nrca3_cal.fits,mast:JWST/product/jw06434344001_03201_00002_nrca3_cal.fits,OUTSIDE_DETECTOR,60771.072057384255,F150W,,,,,
210975,epoch_009,F150W,jw06434344001_03201_00001_nrca3_cal.fits,mast:JWST/product/jw06434344001_03201_00001_nrca3_cal.fits,OUTSIDE_DETECTOR,60771.072057384255,F150W,,,,,
210975,epoch_010,F200W,jw05893001001_02101_00005_nrca2_cal.fits,mast:JWST/product/jw05893001001_02101_00005_nrca2_cal.fits,OUTSIDE_DETECTOR,60791.65653017361,F200W,,,,,
210975,epoch_010,F200W,jw05893001001_02101_00006_nrca2_cal.fits,mast:JWST/product/jw05893001001_02101_00006_nrca2_cal.fits,OUTSIDE_DETECTOR,60791.65653017361,F200W,,,,,
210975,epoch_010,F200W,jw05893001001_02101_00001_nrca2_cal.fits,mast:JWST/product/jw05893001001_02101_00001_nrca2_cal.fits,OUTSIDE_DETECTOR,60791.65653017361,F200W,,,,,
210975,epoch_010,F200W,jw05893001001_02101_00004_nrca2_cal.fits,mast:JWST/product/jw05893001001_02101_00004_nrca2_cal.fits,OUTSIDE_DETECTOR,60791.65653017361,F200W,,,,,
210975,epoch_010,F200W,jw05893001001_02101_00002_nrca2_cal.fits,mast:JWST/product/jw05893001001_02101_00002_nrca2_cal.fits,OUTSIDE_DETECTOR,60791.65653017361,F200W,,,,,
210975,epoch_010,F200W,jw05893001001_02101_00005_nrca1_cal.fits,mast:JWST/product/jw05893001001_02101_00005_nrca1_cal.fits,OUTSIDE_DETECTOR,60791.65653017361,F200W,,,,,
210975,epoch_010,F200W,jw05893001001_02101_00001_nrca1_cal.fits,mast:JWST/product/jw05893001001_02101_00001_nrca1_cal.fits,OUTSIDE_DETECTOR,60791.65653017361,F200W,,,,,
210975,epoch_010,F200W,jw05893001001_02101_00004_nrca1_cal.fits,mast:JWST/product/jw05893001001_02101_00004_nrca1_cal.fits,OUTSIDE_DETECTOR,60791.65653017361,F200W,,,,,
210975,epoch_010,F200W,jw05893001001_02101_00006_nrca1_cal.fits,mast:JWST/product/jw05893001001_02101_00006_nrca1_cal.fits,OUTSIDE_DETECTOR,60791.65653017361,F200W,,,,,
210975,epoch_010,F200W,jw05893001001_02101_00002_nrca1_cal.fits,mast:JWST/product/jw05893001001_02101_00002_nrca1_cal.fits,OUTSIDE_DETECTOR,60791.65653017361,F200W,,,,,
210975,epoch_010,F200W,jw05893001001_02101_00003_nrca2_cal.fits,mast:JWST/product/jw05893001001_02101_00003_nrca2_cal.fits,OUTSIDE_DETECTOR,60791.65653017361,F200W,,,,,
210975,epoch_010,F200W,jw05893001001_02101_00003_nrca1_cal.fits,mast:JWST/product/jw05893001001_02101_00003_nrca1_cal.fits,OUTSIDE_DETECTOR,60791.65653017361,F200W,,,,,
210975,epoch_010,F200W,jw05893001001_02101_00003_nrca3_cal.fits,mast:JWST/product/jw05893001001_02101_00003_nrca3_cal.fits,OUTSIDE_DETECTOR,60791.65653017361,F200W,,,,,
210975,epoch_010,F200W,jw05893001001_02101_00004_nrca3_cal.fits,mast:JWST/product/jw05893001001_02101_00004_nrca3_cal.fits,OUTSIDE_DETECTOR,60791.65653017361,F200W,,,,,
210975,epoch_010,F200W,jw05893001001_02101_00002_nrca3_cal.fits,mast:JWST/product/jw05893001001_02101_00002_nrca3_cal.fits,OUTSIDE_DETECTOR,60791.65653017361,F200W,,,,,
210975,epoch_010,F200W,jw05893001001_02101_00001_nrca3_cal.fits,mast:JWST/product/jw05893001001_02101_00001_nrca3_cal.fits,OUTSIDE_DETECTOR,60791.65653017361,F200W,,,,,
210975,epoch_010,F200W,jw05893001001_02101_00001_nrca4_cal.fits,mast:JWST/product/jw05893001001_02101_00001_nrca4_cal.fits,OUTSIDE_DETECTOR,60791.65653017361,F200W,,,,,
210975,epoch_010,F200W,jw05893001001_02101_00006_nrca3_cal.fits,mast:JWST/product/jw05893001001_02101_00006_nrca3_cal.fits,OUTSIDE_DETECTOR,60791.65653017361,F200W,,,,,
210975,epoch_010,F200W,jw05893001001_02101_00002_nrca4_cal.fits,mast:JWST/product/jw05893001001_02101_00002_nrca4_cal.fits,OUTSIDE_DETECTOR,60791.65653017361,F200W,,,,,
210975,epoch_010,F200W,jw05893001001_02101_00005_nrca3_cal.fits,mast:JWST/product/jw05893001001_02101_00005_nrca3_cal.fits,OUTSIDE_DETECTOR,60791.65653017361,F200W,,,,,
210975,epoch_010,F200W,jw05893001001_02101_00003_nrcb2_cal.fits,mast:JWST/product/jw05893001001_02101_00003_nrcb2_cal.fits,OUTSIDE_DETECTOR,60791.65653017361,F200W,,,,,
210975,epoch_010,F200W,jw05893001001_02101_00006_nrca4_cal.fits,mast:JWST/product/jw05893001001_02101_00006_nrca4_cal.fits,OUTSIDE_DETECTOR,60791.65653017361,F200W,,,,,
210975,epoch_010,F200W,jw05893001001_02101_00005_nrcb3_cal.fits,mast:JWST/product/jw05893001001_02101_00005_nrcb3_cal.fits,OUTSIDE_DETECTOR,60791.65653017361,F200W,,,,,
210975,epoch_010,F200W,jw05893001001_02101_00002_nrcb3_cal.fits,mast:JWST/product/jw05893001001_02101_00002_nrcb3_cal.fits,OUTSIDE_DETECTOR,60791.65653017361,F200W,,,,,
210975,epoch_010,F200W,jw05893001001_02101_00002_nrcb4_cal.fits,mast:JWST/product/jw05893001001_02101_00002_nrcb4_cal.fits,OUTSIDE_DETECTOR,60791.65653017361,F200W,,,,,
210975,epoch_010,F200W,jw05893001001_02101_00003_nrcb4_cal.fits,mast:JWST/product/jw05893001001_02101_00003_nrcb4_cal.fits,OUTSIDE_DETECTOR,60791.65653017361,F200W,,,,,
210975,epoch_010,F200W,jw05893001001_02101_00002_nrcb1_cal.fits,mast:JWST/product/jw05893001001_02101_00002_nrcb1_cal.fits,OUTSIDE_DETECTOR,60791.65653017361,F200W,,,,,
210975,epoch_010,F200W,jw05893001001_02101_00006_nrcb2_cal.fits,mast:JWST/product/jw05893001001_02101_00006_nrcb2_cal.fits,OUTSIDE_DETECTOR,60791.65653017361,F200W,,,,,
210975,epoch_010,F200W,jw05893001001_02101_00004_nrcb4_cal.fits,mast:JWST/product/jw05893001001_02101_00004_nrcb4_cal.fits,OUTSIDE_DETECTOR,60791.65653017361,F200W,,,,,
210975,epoch_010,F200W,jw05893001001_02101_00006_nrcb3_cal.fits,mast:JWST/product/jw05893001001_02101_00006_nrcb3_cal.fits,OUTSIDE_DETECTOR,60791.65653017361,F200W,,,,,
210975,epoch_010,F200W,jw05893001001_02101_00006_nrcb1_cal.fits,mast:JWST/product/jw05893001001_02101_00006_nrcb1_cal.fits,OUTSIDE_DETECTOR,60791.65653017361,F200W,,,,,
210975,epoch_010,F200W,jw05893001001_02101_00003_nrcb1_cal.fits,mast:JWST/product/jw05893001001_02101_00003_nrcb1_cal.fits,OUTSIDE_DETECTOR,60791.65653017361,F200W,,,,,
210975,epoch_010,F200W,jw05893001001_02101_00005_nrcb1_cal.fits,mast:JWST/product/jw05893001001_02101_00005_nrcb1_cal.fits,OUTSIDE_DETECTOR,60791.65653017361,F200W,,,,,
210975,epoch_010,F200W,jw05893001001_02101_00004_nrcb1_cal.fits,mast:JWST/product/jw05893001001_02101_00004_nrcb1_cal.fits,OUTSIDE_DETECTOR,60791.65653017361,F200W,,,,,
210975,epoch_010,F200W,jw05893001001_02101_00004_nrcb2_cal.fits,mast:JWST/product/jw05893001001_02101_00004_nrcb2_cal.fits,OUTSIDE_DETECTOR,60791.65653017361,F200W,,,,,
210975,epoch_010,F200W,jw05893001001_02101_00004_nrca4_cal.fits,mast:JWST/product/jw05893001001_02101_00004_nrca4_cal.fits,OUTSIDE_DETECTOR,60791.65653017361,F200W,,,,,
210975,epoch_010,F200W,jw05893001001_02101_00003_nrca4_cal.fits,mast:JWST/product/jw05893001001_02101_00003_nrca4_cal.fits,OUTSIDE_DETECTOR,60791.65653017361,F200W,,,,,
210975,epoch_010,F200W,jw05893001001_02101_00005_nrcb2_cal.fits,mast:JWST/product/jw05893001001_02101_00005_nrcb2_cal.fits,OUTSIDE_DETECTOR,60791.65653017361,F200W,,,,,
210975,epoch_010,F200W,jw05893001001_02101_00005_nrcb4_cal.fits,mast:JWST/product/jw05893001001_02101_00005_nrcb4_cal.fits,OUTSIDE_DETECTOR,60791.65653017361,F200W,,,,,
210975,epoch_010,F200W,jw05893001001_02101_00004_nrcb3_cal.fits,mast:JWST/product/jw05893001001_02101_00004_nrcb3_cal.fits,OUTSIDE_DETECTOR,60791.65653017361,F200W,,,,,
210975,epoch_010,F200W,jw05893001001_02101_00001_nrcb1_cal.fits,mast:JWST/product/jw05893001001_02101_00001_nrcb1_cal.fits,OUTSIDE_DETECTOR,60791.65653017361,F200W,,,,,
210975,epoch_010,F200W,jw05893001001_02101_00001_nrcb4_cal.fits,mast:JWST/product/jw05893001001_02101_00001_nrcb4_cal.fits,OUTSIDE_DETECTOR,60791.65653017361,F200W,,,,,
210975,epoch_010,F200W,jw05893001001_02101_00006_nrcb4_cal.fits,mast:JWST/product/jw05893001001_02101_00006_nrcb4_cal.fits,OUTSIDE_DETECTOR,60791.65653017361,F200W,,,,,
210975,epoch_010,F200W,jw05893001001_02101_00001_nrcb3_cal.fits,mast:JWST/product/jw05893001001_02101_00001_nrcb3_cal.fits,OUTSIDE_DETECTOR,60791.65653017361,F200W,,,,,
210975,epoch_010,F200W,jw05893001001_02101_00003_nrcb3_cal.fits,mast:JWST/product/jw05893001001_02101_00003_nrcb3_cal.fits,OUTSIDE_DETECTOR,60791.65653017361,F200W,,,,,
210975,epoch_010,F200W,jw05893001001_02101_00002_nrcb2_cal.fits,mast:JWST/product/jw05893001001_02101_00002_nrcb2_cal.fits,OUTSIDE_DETECTOR,60791.65653017361,F200W,,,,,
210975,epoch_010,F200W,jw05893001001_02101_00005_nrca4_cal.fits,mast:JWST/product/jw05893001001_02101_00005_nrca4_cal.fits,OUTSIDE_DETECTOR,60791.65653017361,F200W,,,,,
210975,epoch_010,F200W,jw05893001001_02101_00001_nrcb2_cal.fits,mast:JWST/product/jw05893001001_02101_00001_nrcb2_cal.fits,OUTSIDE_DETECTOR,60791.65653017361,F200W,,,,,
210975,epoch_010,F200W,jw05893001002_02101_00005_nrca2_cal.fits,mast:JWST/product/jw05893001002_02101_00005_nrca2_cal.fits,OUTSIDE_DETECTOR,60791.65653017361,F200W,,,,,
210975,epoch_010,F200W,jw05893001002_02101_00002_nrca1_cal.fits,mast:JWST/product/jw05893001002_02101_00002_nrca1_cal.fits,OUTSIDE_DETECTOR,60791.65653017361,F200W,,,,,
210975,epoch_010,F200W,jw05893001002_02101_00001_nrca1_cal.fits,mast:JWST/product/jw05893001002_02101_00001_nrca1_cal.fits,OUTSIDE_DETECTOR,60791.65653017361,F200W,,,,,
210975,epoch_010,F200W,jw05893001002_02101_00004_nrca2_cal.fits,mast:JWST/product/jw05893001002_02101_00004_nrca2_cal.fits,OUTSIDE_DETECTOR,60791.65653017361,F200W,,,,,
210975,epoch_010,F200W,jw05893001002_02101_00002_nrca2_cal.fits,mast:JWST/product/jw05893001002_02101_00002_nrca2_cal.fits,OUTSIDE_DETECTOR,60791.65653017361,F200W,,,,,
210975,epoch_010,F200W,jw05893001002_02101_00006_nrca1_cal.fits,mast:JWST/product/jw05893001002_02101_00006_nrca1_cal.fits,OUTSIDE_DETECTOR,60791.65653017361,F200W,,,,,
210975,epoch_010,F200W,jw05893001002_02101_00001_nrca2_cal.fits,mast:JWST/product/jw05893001002_02101_00001_nrca2_cal.fits,OUTSIDE_DETECTOR,60791.65653017361,F200W,,,,,
210975,epoch_010,F200W,jw05893001002_02101_00003_nrca2_cal.fits,mast:JWST/product/jw05893001002_02101_00003_nrca2_cal.fits,OUTSIDE_DETECTOR,60791.65653017361,F200W,,,,,
210975,epoch_010,F200W,jw05893001002_02101_00004_nrca1_cal.fits,mast:JWST/product/jw05893001002_02101_00004_nrca1_cal.fits,OUTSIDE_DETECTOR,60791.65653017361,F200W,,,,,
210975,epoch_010,F200W,jw05893001002_02101_00005_nrca1_cal.fits,mast:JWST/product/jw05893001002_02101_00005_nrca1_cal.fits,OUTSIDE_DETECTOR,60791.65653017361,F200W,,,,,
210975,epoch_010,F200W,jw05893001002_02101_00003_nrca1_cal.fits,mast:JWST/product/jw05893001002_02101_00003_nrca1_cal.fits,OUTSIDE_DETECTOR,60791.65653017361,F200W,,,,,
210975,epoch_010,F200W,jw05893001002_02101_00005_nrcb3_cal.fits,mast:JWST/product/jw05893001002_02101_00005_nrcb3_cal.fits,OUTSIDE_DETECTOR,60791.65653017361,F200W,,,,,
210975,epoch_010,F200W,jw05893001002_02101_00002_nrcb1_cal.fits,mast:JWST/product/jw05893001002_02101_00002_nrcb1_cal.fits,OUTSIDE_DETECTOR,60791.65653017361,F200W,,,,,
210975,epoch_010,F200W,jw05893001002_02101_00001_nrcb1_cal.fits,mast:JWST/product/jw05893001002_02101_00001_nrcb1_cal.fits,OUTSIDE_DETECTOR,60791.65653017361,F200W,,,,,
210975,epoch_010,F200W,jw05893001002_02101_00002_nrcb2_cal.fits,mast:JWST/product/jw05893001002_02101_00002_nrcb2_cal.fits,OUTSIDE_DETECTOR,60791.65653017361,F200W,,,,,
210975,epoch_010,F200W,jw05893001002_02101_00006_nrcb1_cal.fits,mast:JWST/product/jw05893001002_02101_00006_nrcb1_cal.fits,OUTSIDE_DETECTOR,60791.65653017361,F200W,,,,,
210975,epoch_010,F200W,jw05893001002_02101_00005_nrcb1_cal.fits,mast:JWST/product/jw05893001002_02101_00005_nrcb1_cal.fits,OUTSIDE_DETECTOR,60791.65653017361,F200W,,,,,
210975,epoch_010,F200W,jw05893001002_02101_00003_nrcb2_cal.fits,mast:JWST/product/jw05893001002_02101_00003_nrcb2_cal.fits,OUTSIDE_DETECTOR,60791.65653017361,F200W,,,,,
210975,epoch_010,F200W,jw05893001002_02101_00001_nrcb2_cal.fits,mast:JWST/product/jw05893001002_02101_00001_nrcb2_cal.fits,OUTSIDE_DETECTOR,60791.65653017361,F200W,,,,,
210975,epoch_010,F200W,jw05893001002_02101_00006_nrca4_cal.fits,mast:JWST/product/jw05893001002_02101_00006_nrca4_cal.fits,OUTSIDE_DETECTOR,60791.65653017361,F200W,,,,,
210975,epoch_010,F200W,jw05893001002_02101_00005_nrca4_cal.fits,mast:JWST/product/jw05893001002_02101_00005_nrca4_cal.fits,OUTSIDE_DETECTOR,60791.65653017361,F200W,,,,,
210975,epoch_010,F200W,jw05893001002_02101_00003_nrcb1_cal.fits,mast:JWST/product/jw05893001002_02101_00003_nrcb1_cal.fits,OUTSIDE_DETECTOR,60791.65653017361,F200W,,,,,
210975,epoch_010,F200W,jw05893001002_02101_00004_nrca3_cal.fits,mast:JWST/product/jw05893001002_02101_00004_nrca3_cal.fits,OUTSIDE_DETECTOR,60791.65653017361,F200W,,,,,
210975,epoch_010,F200W,jw05893001002_02101_00002_nrca3_cal.fits,mast:JWST/product/jw05893001002_02101_00002_nrca3_cal.fits,OUTSIDE_DETECTOR,60791.65653017361,F200W,,,,,
210975,epoch_010,F200W,jw05893001002_02101_00002_nrca4_cal.fits,mast:JWST/product/jw05893001002_02101_00002_nrca4_cal.fits,OUTSIDE_DETECTOR,60791.65653017361,F200W,,,,,
210975,epoch_010,F200W,jw05893001002_02101_00004_nrcb2_cal.fits,mast:JWST/product/jw05893001002_02101_00004_nrcb2_cal.fits,OUTSIDE_DETECTOR,60791.65653017361,F200W,,,,,
210975,epoch_010,F200W,jw05893001002_02101_00003_nrca4_cal.fits,mast:JWST/product/jw05893001002_02101_00003_nrca4_cal.fits,OUTSIDE_DETECTOR,60791.65653017361,F200W,,,,,
210975,epoch_010,F200W,jw05893001002_02101_00003_nrcb3_cal.fits,mast:JWST/product/jw05893001002_02101_00003_nrcb3_cal.fits,OUTSIDE_DETECTOR,60791.65653017361,F200W,,,,,
210975,epoch_010,F200W,jw05893001002_02101_00004_nrca4_cal.fits,mast:JWST/product/jw05893001002_02101_00004_nrca4_cal.fits,OUTSIDE_DETECTOR,60791.65653017361,F200W,,,,,
210975,epoch_010,F200W,jw05893001002_02101_00005_nrcb2_cal.fits,mast:JWST/product/jw05893001002_02101_00005_nrcb2_cal.fits,OUTSIDE_DETECTOR,60791.65653017361,F200W,,,,,
210975,epoch_010,F200W,jw05893001002_02101_00001_nrca4_cal.fits,mast:JWST/product/jw05893001002_02101_00001_nrca4_cal.fits,OUTSIDE_DETECTOR,60791.65653017361,F200W,,,,,
210975,epoch_010,F200W,jw05893001002_02101_00006_nrcb2_cal.fits,mast:JWST/product/jw05893001002_02101_00006_nrcb2_cal.fits,OUTSIDE_DETECTOR,60791.65653017361,F200W,,,,,
210975,epoch_010,F200W,jw05893001002_02101_00004_nrcb1_cal.fits,mast:JWST/product/jw05893001002_02101_00004_nrcb1_cal.fits,OUTSIDE_DETECTOR,60791.65653017361,F200W,,,,,
210975,epoch_010,F200W,jw05893001002_02101_00001_nrcb3_cal.fits,mast:JWST/product/jw05893001002_02101_00001_nrcb3_cal.fits,OUTSIDE_DETECTOR,60791.65653017361,F200W,,,,,
210975,epoch_010,F200W,jw05893001002_02101_00004_nrcb3_cal.fits,mast:JWST/product/jw05893001002_02101_00004_nrcb3_cal.fits,OUTSIDE_DETECTOR,60791.65653017361,F200W,,,,,
210975,epoch_010,F200W,jw05893001002_02101_00006_nrca3_cal.fits,mast:JWST/product/jw05893001002_02101_00006_nrca3_cal.fits,OUTSIDE_DETECTOR,60791.65653017361,F200W,,,,,
210975,epoch_010,F200W,jw05893001002_02101_00006_nrcb3_cal.fits,mast:JWST/product/jw05893001002_02101_00006_nrcb3_cal.fits,OUTSIDE_DETECTOR,60791.65653017361,F200W,,,,,
210975,epoch_010,F200W,jw05893001002_02101_00003_nrca3_cal.fits,mast:JWST/product/jw05893001002_02101_00003_nrca3_cal.fits,OUTSIDE_DETECTOR,60791.65653017361,F200W,,,,,
210975,epoch_010,F200W,jw05893001002_02101_00006_nrca2_cal.fits,mast:JWST/product/jw05893001002_02101_00006_nrca2_cal.fits,OUTSIDE_DETECTOR,60791.65653017361,F200W,,,,,
210975,epoch_010,F200W,jw05893001002_02101_00001_nrca3_cal.fits,mast:JWST/product/jw05893001002_02101_00001_nrca3_cal.fits,OUTSIDE_DETECTOR,60791.65653017361,F200W,,,,,
210975,epoch_010,F200W,jw05893001002_02101_00002_nrcb3_cal.fits,mast:JWST/product/jw05893001002_02101_00002_nrcb3_cal.fits,OUTSIDE_DETECTOR,60791.65653017361,F200W,,,,,
210975,epoch_010,F200W,jw05893001002_02101_00005_nrca3_cal.fits,mast:JWST/product/jw05893001002_02101_00005_nrca3_cal.fits,OUTSIDE_DETECTOR,60791.65653017361,F200W,,,,,
210975,epoch_010,F200W,jw05893001002_02101_00006_nrcb4_cal.fits,mast:JWST/product/jw05893001002_02101_00006_nrcb4_cal.fits,OUTSIDE_DETECTOR,60791.65653017361,F200W,,,,,
210975,epoch_010,F200W,jw05893001002_02101_00004_nrcb4_cal.fits,mast:JWST/product/jw05893001002_02101_00004_nrcb4_cal.fits,OUTSIDE_DETECTOR,60791.65653017361,F200W,,,,,
210975,epoch_010,F200W,jw05893001002_02101_00002_nrcb4_cal.fits,mast:JWST/product/jw05893001002_02101_00002_nrcb4_cal.fits,OUTSIDE_DETECTOR,60791.65653017361,F200W,,,,,
210975,epoch_010,F200W,jw05893001002_02101_00005_nrcb4_cal.fits,mast:JWST/product/jw05893001002_02101_00005_nrcb4_cal.fits,OUTSIDE_DETECTOR,60791.65653017361,F200W,,,,,
210975,epoch_010,F200W,jw05893001002_02101_00003_nrcb4_cal.fits,mast:JWST/product/jw05893001002_02101_00003_nrcb4_cal.fits,OUTSIDE_DETECTOR,60791.65653017361,F200W,,,,,
210975,epoch_010,F200W,jw05893001002_02101_00001_nrcb4_cal.fits,mast:JWST/product/jw05893001002_02101_00001_nrcb4_cal.fits,OUTSIDE_DETECTOR,60791.65653017361,F200W,,,,,
210975,epoch_010,F200W,jw05893001003_02101_00002_nrca3_cal.fits,mast:JWST/product/jw05893001003_02101_00002_nrca3_cal.fits,OUTSIDE_DETECTOR,60791.65653017361,F200W,,,,,
210975,epoch_010,F200W,jw05893001003_02101_00001_nrcb1_cal.fits,mast:JWST/product/jw05893001003_02101_00001_nrcb1_cal.fits,OUTSIDE_DETECTOR,60791.65653017361,F200W,,,,,
210975,epoch_010,F200W,jw05893001003_02101_00001_nrcb3_cal.fits,mast:JWST/product/jw05893001003_02101_00001_nrcb3_cal.fits,OUTSIDE_DETECTOR,60791.65653017361,F200W,,,,,
210975,epoch_010,F200W,jw05893001003_02101_00001_nrca3_cal.fits,mast:JWST/product/jw05893001003_02101_00001_nrca3_cal.fits,OUTSIDE_DETECTOR,60791.65653017361,F200W,,,,,
210975,epoch_010,F200W,jw05893001003_02101_00001_nrcb2_cal.fits,mast:JWST/product/jw05893001003_02101_00001_nrcb2_cal.fits,OUTSIDE_DETECTOR,60791.65653017361,F200W,,,,,
210975,epoch_010,F200W,jw05893001003_02101_00002_nrcb4_cal.fits,mast:JWST/product/jw05893001003_02101_00002_nrcb4_cal.fits,COVERED,60791.65653017361,F200W,1501.6248352750126,1277.3646297207824,60791.771729328706,NRCB4,F200W
210975,epoch_010,F200W,jw05893001003_02101_00001_nrca1_cal.fits,mast:JWST/product/jw05893001003_02101_00001_nrca1_cal.fits,OUTSIDE_DETECTOR,60791.65653017361,F200W,,,,,
210975,epoch_010,F200W,jw05893001003_02101_00001_nrcb4_cal.fits,mast:JWST/product/jw05893001003_02101_00001_nrcb4_cal.fits,COVERED,60791.65653017361,F200W,1465.665509454086,1223.1938985749107,60791.76713155093,NRCB4,F200W
210975,epoch_010,F200W,jw05893001003_02101_00002_nrcb2_cal.fits,mast:JWST/product/jw05893001003_02101_00002_nrcb2_cal.fits,OUTSIDE_DETECTOR,60791.65653017361,F200W,,,,,
210975,epoch_010,F200W,jw05893001003_02101_00001_nrca4_cal.fits,mast:JWST/product/jw05893001003_02101_00001_nrca4_cal.fits,OUTSIDE_DETECTOR,60791.65653017361,F200W,,,,,
210975,epoch_010,F200W,jw05893001003_02101_00001_nrca2_cal.fits,mast:JWST/product/jw05893001003_02101_00001_nrca2_cal.fits,OUTSIDE_DETECTOR,60791.65653017361,F200W,,,,,
210975,epoch_010,F200W,jw05893001003_02101_00002_nrca1_cal.fits,mast:JWST/product/jw05893001003_02101_00002_nrca1_cal.fits,OUTSIDE_DETECTOR,60791.65653017361,F200W,,,,,
210975,epoch_010,F200W,jw05893001003_02101_00002_nrca4_cal.fits,mast:JWST/product/jw05893001003_02101_00002_nrca4_cal.fits,OUTSIDE_DETECTOR,60791.65653017361,F200W,,,,,
210975,epoch_010,F200W,jw05893001003_02101_00003_nrca2_cal.fits,mast:JWST/product/jw05893001003_02101_00003_nrca2_cal.fits,OUTSIDE_DETECTOR,60791.65653017361,F200W,,,,,
210975,epoch_010,F200W,jw05893001003_02101_00005_nrcb1_cal.fits,mast:JWST/product/jw05893001003_02101_00005_nrcb1_cal.fits,OUTSIDE_DETECTOR,60791.65653017361,F200W,,,,,
210975,epoch_010,F200W,jw05893001003_02101_00005_nrca2_cal.fits,mast:JWST/product/jw05893001003_02101_00005_nrca2_cal.fits,OUTSIDE_DETECTOR,60791.65653017361,F200W,,,,,
210975,epoch_010,F200W,jw05893001003_02101_00006_nrcb2_cal.fits,mast:JWST/product/jw05893001003_02101_00006_nrcb2_cal.fits,OUTSIDE_DETECTOR,60791.65653017361,F200W,,,,,
210975,epoch_010,F200W,jw05893001003_02101_00006_nrca4_cal.fits,mast:JWST/product/jw05893001003_02101_00006_nrca4_cal.fits,OUTSIDE_DETECTOR,60791.65653017361,F200W,,,,,
210975,epoch_010,F200W,jw05893001003_02101_00004_nrca4_cal.fits,mast:JWST/product/jw05893001003_02101_00004_nrca4_cal.fits,OUTSIDE_DETECTOR,60791.65653017361,F200W,,,,,
210975,epoch_010,F200W,jw05893001003_02101_00002_nrca2_cal.fits,mast:JWST/product/jw05893001003_02101_00002_nrca2_cal.fits,OUTSIDE_DETECTOR,60791.65653017361,F200W,,,,,
210975,epoch_010,F200W,jw05893001003_02101_00004_nrca2_cal.fits,mast:JWST/product/jw05893001003_02101_00004_nrca2_cal.fits,OUTSIDE_DETECTOR,60791.65653017361,F200W,,,,,
210975,epoch_010,F200W,jw05893001003_02101_00004_nrcb1_cal.fits,mast:JWST/product/jw05893001003_02101_00004_nrcb1_cal.fits,OUTSIDE_DETECTOR,60791.65653017361,F200W,,,,,
210975,epoch_010,F200W,jw05893001003_02101_00003_nrcb2_cal.fits,mast:JWST/product/jw05893001003_02101_00003_nrcb2_cal.fits,OUTSIDE_DETECTOR,60791.65653017361,F200W,,,,,
210975,epoch_010,F200W,jw05893001003_02101_00005_nrca1_cal.fits,mast:JWST/product/jw05893001003_02101_00005_nrca1_cal.fits,OUTSIDE_DETECTOR,60791.65653017361,F200W,,,,,
210975,epoch_010,F200W,jw05893001003_02101_00006_nrcb4_cal.fits,mast:JWST/product/jw05893001003_02101_00006_nrcb4_cal.fits,COVERED,60791.65653017361,F200W,1879.7112171860085,901.7588213697566,60791.79024560185,NRCB4,F200W
210975,epoch_010,F200W,jw05893001003_02101_00005_nrca4_cal.fits,mast:JWST/product/jw05893001003_02101_00005_nrca4_cal.fits,OUTSIDE_DETECTOR,60791.65653017361,F200W,,,,,
210975,epoch_010,F200W,jw05893001003_02101_00006_nrca2_cal.fits,mast:JWST/product/jw05893001003_02101_00006_nrca2_cal.fits,OUTSIDE_DETECTOR,60791.65653017361,F200W,,,,,
210975,epoch_010,F200W,jw05893001003_02101_00006_nrca3_cal.fits,mast:JWST/product/jw05893001003_02101_00006_nrca3_cal.fits,OUTSIDE_DETECTOR,60791.65653017361,F200W,,,,,
210975,epoch_010,F200W,jw05893001003_02101_00003_nrcb3_cal.fits,mast:JWST/product/jw05893001003_02101_00003_nrcb3_cal.fits,OUTSIDE_DETECTOR,60791.65653017361,F200W,,,,,
210975,epoch_010,F200W,jw05893001003_02101_00004_nrcb2_cal.fits,mast:JWST/product/jw05893001003_02101_00004_nrcb2_cal.fits,OUTSIDE_DETECTOR,60791.65653017361,F200W,,,,,
210975,epoch_010,F200W,jw05893001003_02101_00004_nrcb4_cal.fits,mast:JWST/product/jw05893001003_02101_00004_nrcb4_cal.fits,COVERED,60791.65653017361,F200W,1690.8727698980733,1089.5507163165807,60791.78104931713,NRCB4,F200W
210975,epoch_011,F200W,jw05893026001_02101_00004_nrca2_cal.fits,mast:JWST/product/jw05893026001_02101_00004_nrca2_cal.fits,OUTSIDE_DETECTOR,61185.350382795135,F200W,,,,,
210975,epoch_011,F200W,jw05893026001_02101_00001_nrca2_cal.fits,mast:JWST/product/jw05893026001_02101_00001_nrca2_cal.fits,OUTSIDE_DETECTOR,61185.350382795135,F200W,,,,,
210975,epoch_011,F200W,jw05893026001_02101_00001_nrca1_cal.fits,mast:JWST/product/jw05893026001_02101_00001_nrca1_cal.fits,OUTSIDE_DETECTOR,61185.350382795135,F200W,,,,,
210975,epoch_011,F200W,jw05893026001_02101_00005_nrca1_cal.fits,mast:JWST/product/jw05893026001_02101_00005_nrca1_cal.fits,OUTSIDE_DETECTOR,61185.350382795135,F200W,,,,,
210975,epoch_011,F200W,jw05893026001_02101_00004_nrca1_cal.fits,mast:JWST/product/jw05893026001_02101_00004_nrca1_cal.fits,OUTSIDE_DETECTOR,61185.350382795135,F200W,,,,,
210975,epoch_011,F200W,jw05893026001_02101_00003_nrca2_cal.fits,mast:JWST/product/jw05893026001_02101_00003_nrca2_cal.fits,OUTSIDE_DETECTOR,61185.350382795135,F200W,,,,,
210975,epoch_011,F200W,jw05893026001_02101_00006_nrca1_cal.fits,mast:JWST/product/jw05893026001_02101_00006_nrca1_cal.fits,OUTSIDE_DETECTOR,61185.350382795135,F200W,,,,,
210975,epoch_011,F200W,jw05893026001_02101_00003_nrca1_cal.fits,mast:JWST/product/jw05893026001_02101_00003_nrca1_cal.fits,OUTSIDE_DETECTOR,61185.350382795135,F200W,,,,,
210975,epoch_011,F200W,jw05893026001_02101_00005_nrca2_cal.fits,mast:JWST/product/jw05893026001_02101_00005_nrca2_cal.fits,OUTSIDE_DETECTOR,61185.350382795135,F200W,,,,,
210975,epoch_011,F200W,jw05893026001_02101_00002_nrca1_cal.fits,mast:JWST/product/jw05893026001_02101_00002_nrca1_cal.fits,OUTSIDE_DETECTOR,61185.350382795135,F200W,,,,,
210975,epoch_011,F200W,jw05893026001_02101_00002_nrca2_cal.fits,mast:JWST/product/jw05893026001_02101_00002_nrca2_cal.fits,OUTSIDE_DETECTOR,61185.350382795135,F200W,,,,,
210975,epoch_011,F200W,jw05893026001_02101_00001_nrca4_cal.fits,mast:JWST/product/jw05893026001_02101_00001_nrca4_cal.fits,OUTSIDE_DETECTOR,61185.350382795135,F200W,,,,,
210975,epoch_011,F200W,jw05893026001_02101_00004_nrca3_cal.fits,mast:JWST/product/jw05893026001_02101_00004_nrca3_cal.fits,COVERED,61185.350382795135,F200W,1479.303561731116,1104.7479312742619,61185.65258398148,NRCA3,F200W
210975,epoch_011,F200W,jw05893026001_02101_00004_nrcb1_cal.fits,mast:JWST/product/jw05893026001_02101_00004_nrcb1_cal.fits,OUTSIDE_DETECTOR,61185.350382795135,F200W,,,,,
210975,epoch_011,F200W,jw05893026001_02101_00003_nrcb1_cal.fits,mast:JWST/product/jw05893026001_02101_00003_nrcb1_cal.fits,OUTSIDE_DETECTOR,61185.350382795135,F200W,,,,,
210975,epoch_011,F200W,jw05893026001_02101_00001_nrcb1_cal.fits,mast:JWST/product/jw05893026001_02101_00001_nrcb1_cal.fits,OUTSIDE_DETECTOR,61185.350382795135,F200W,,,,,
210975,epoch_011,F200W,jw05893026001_02101_00002_nrcb1_cal.fits,mast:JWST/product/jw05893026001_02101_00002_nrcb1_cal.fits,OUTSIDE_DETECTOR,61185.350382795135,F200W,,,,,
210975,epoch_011,F200W,jw05893026001_02101_00006_nrca3_cal.fits,mast:JWST/product/jw05893026001_02101_00006_nrca3_cal.fits,COVERED,61185.350382795135,F200W,1665.1898660164072,917.6034985095133,61185.66190396991,NRCA3,F200W
210975,epoch_011,F200W,jw05893026001_02101_00006_nrca4_cal.fits,mast:JWST/product/jw05893026001_02101_00006_nrca4_cal.fits,OUTSIDE_DETECTOR,61185.350382795135,F200W,,,,,
210975,epoch_011,F200W,jw05893026001_02101_00004_nrca4_cal.fits,mast:JWST/product/jw05893026001_02101_00004_nrca4_cal.fits,OUTSIDE_DETECTOR,61185.350382795135,F200W,,,,,
210975,epoch_011,F200W,jw05893026001_02101_00002_nrca3_cal.fits,mast:JWST/product/jw05893026001_02101_00002_nrca3_cal.fits,COVERED,61185.350382795135,F200W,1292.7767483082782,1292.2695023462184,61185.64326399306,NRCA3,F200W
210975,epoch_011,F200W,jw05893026001_02101_00005_nrca3_cal.fits,mast:JWST/product/jw05893026001_02101_00005_nrca3_cal.fits,COVERED,61185.350382795135,F200W,1628.860006245893,863.9372320325311,61185.657181759256,NRCA3,F200W
210975,epoch_012,F277W,jw01727119001_02101_00004_nrcblong_cal.fits,mast:JWST/product/jw01727119001_02101_00004_nrcblong_cal.fits,OUTSIDE_DETECTOR,60041.150372951386,F277W,,,,,
210975,epoch_012,F277W,jw01727119001_02101_00002_nrcalong_cal.fits,mast:JWST/product/jw01727119001_02101_00002_nrcalong_cal.fits,OUTSIDE_DETECTOR,60041.150372951386,F277W,,,,,
210975,epoch_012,F277W,jw01727119001_02101_00002_nrcblong_cal.fits,mast:JWST/product/jw01727119001_02101_00002_nrcblong_cal.fits,OUTSIDE_DETECTOR,60041.150372951386,F277W,,,,,
210975,epoch_012,F277W,jw01727119001_02101_00001_nrcblong_cal.fits,mast:JWST/product/jw01727119001_02101_00001_nrcblong_cal.fits,OUTSIDE_DETECTOR,60041.150372951386,F277W,,,,,
210975,epoch_012,F277W,jw01727119001_02101_00004_nrcalong_cal.fits,mast:JWST/product/jw01727119001_02101_00004_nrcalong_cal.fits,OUTSIDE_DETECTOR,60041.150372951386,F277W,,,,,
210975,epoch_012,F277W,jw01727119001_02101_00003_nrcblong_cal.fits,mast:JWST/product/jw01727119001_02101_00003_nrcblong_cal.fits,OUTSIDE_DETECTOR,60041.150372951386,F277W,,,,,
210975,epoch_012,F277W,jw01727119001_02101_00001_nrcalong_cal.fits,mast:JWST/product/jw01727119001_02101_00001_nrcalong_cal.fits,OUTSIDE_DETECTOR,60041.150372951386,F277W,,,,,
210975,epoch_012,F277W,jw01727119001_02101_00003_nrcalong_cal.fits,mast:JWST/product/jw01727119001_02101_00003_nrcalong_cal.fits,OUTSIDE_DETECTOR,60041.150372951386,F277W,,,,,
210975,epoch_013,F277W,jw01727121001_02101_00002_nrcalong_cal.fits,mast:JWST/product/jw01727121001_02101_00002_nrcalong_cal.fits,OUTSIDE_DETECTOR,60043.71580813657,F277W,,,,,
210975,epoch_013,F277W,jw01727121001_02101_00002_nrcblong_cal.fits,mast:JWST/product/jw01727121001_02101_00002_nrcblong_cal.fits,OUTSIDE_DETECTOR,60043.71580813657,F277W,,,,,
210975,epoch_013,F277W,jw01727121001_02101_00004_nrcblong_cal.fits,mast:JWST/product/jw01727121001_02101_00004_nrcblong_cal.fits,OUTSIDE_DETECTOR,60043.71580813657,F277W,,,,,
210975,epoch_013,F277W,jw01727121001_02101_00004_nrcalong_cal.fits,mast:JWST/product/jw01727121001_02101_00004_nrcalong_cal.fits,OUTSIDE_DETECTOR,60043.71580813657,F277W,,,,,
210975,epoch_013,F277W,jw01727121001_02101_00003_nrcalong_cal.fits,mast:JWST/product/jw01727121001_02101_00003_nrcalong_cal.fits,OUTSIDE_DETECTOR,60043.71580813657,F277W,,,,,
210975,epoch_013,F277W,jw01727121001_02101_00003_nrcblong_cal.fits,mast:JWST/product/jw01727121001_02101_00003_nrcblong_cal.fits,COVERED,60043.71580813657,F277W,719.4183422493827,86.209217737829,60043.72637108796,NRCBLONG,F277W
210975,epoch_013,F277W,jw01727121001_02101_00001_nrcalong_cal.fits,mast:JWST/product/jw01727121001_02101_00001_nrcalong_cal.fits,OUTSIDE_DETECTOR,60043.71580813657,F277W,,,,,
210975,epoch_013,F277W,jw01727121001_02101_00001_nrcblong_cal.fits,mast:JWST/product/jw01727121001_02101_00001_nrcblong_cal.fits,OUTSIDE_DETECTOR,60043.71580813657,F277W,,,,,
210975,epoch_014,F356W,jw05893001001_05101_00001_nrcalong_cal.fits,mast:JWST/product/jw05893001001_05101_00001_nrcalong_cal.fits,OUTSIDE_DETECTOR,60791.68710052083,F356W,,,,,
210975,epoch_014,F356W,jw05893001001_03101_00001_nrcalong_cal.fits,mast:JWST/product/jw05893001001_03101_00001_nrcalong_cal.fits,OUTSIDE_DETECTOR,60791.68710052083,F356W,,,,,
210975,epoch_014,F356W,jw05893001001_05101_00001_nrcblong_cal.fits,mast:JWST/product/jw05893001001_05101_00001_nrcblong_cal.fits,OUTSIDE_DETECTOR,60791.68710052083,F356W,,,,,
210975,epoch_014,F356W,jw05893001001_03101_00001_nrcblong_cal.fits,mast:JWST/product/jw05893001001_03101_00001_nrcblong_cal.fits,OUTSIDE_DETECTOR,60791.68710052083,F356W,,,,,
210975,epoch_014,F356W,jw05893001001_05101_00002_nrcalong_cal.fits,mast:JWST/product/jw05893001001_05101_00002_nrcalong_cal.fits,OUTSIDE_DETECTOR,60791.68710052083,F356W,,,,,
210975,epoch_014,F356W,jw05893001001_05101_00002_nrcblong_cal.fits,mast:JWST/product/jw05893001001_05101_00002_nrcblong_cal.fits,OUTSIDE_DETECTOR,60791.68710052083,F356W,,,,,
210975,epoch_014,F356W,jw05893001002_03101_00001_nrcalong_cal.fits,mast:JWST/product/jw05893001002_03101_00001_nrcalong_cal.fits,OUTSIDE_DETECTOR,60791.68710052083,F356W,,,,,
210975,epoch_014,F356W,jw05893001002_05101_00001_nrcalong_cal.fits,mast:JWST/product/jw05893001002_05101_00001_nrcalong_cal.fits,OUTSIDE_DETECTOR,60791.68710052083,F356W,,,,,
210975,epoch_014,F356W,jw05893001002_05101_00002_nrcalong_cal.fits,mast:JWST/product/jw05893001002_05101_00002_nrcalong_cal.fits,OUTSIDE_DETECTOR,60791.68710052083,F356W,,,,,
210975,epoch_014,F356W,jw05893001002_05101_00001_nrcblong_cal.fits,mast:JWST/product/jw05893001002_05101_00001_nrcblong_cal.fits,OUTSIDE_DETECTOR,60791.68710052083,F356W,,,,,
210975,epoch_014,F356W,jw05893001002_03101_00001_nrcblong_cal.fits,mast:JWST/product/jw05893001002_03101_00001_nrcblong_cal.fits,OUTSIDE_DETECTOR,60791.68710052083,F356W,,,,,
210975,epoch_014,F356W,jw05893001002_05101_00002_nrcblong_cal.fits,mast:JWST/product/jw05893001002_05101_00002_nrcblong_cal.fits,OUTSIDE_DETECTOR,60791.68710052083,F356W,,,,,
210975,epoch_014,F356W,jw05893001003_05101_00002_nrcalong_cal.fits,mast:JWST/product/jw05893001003_05101_00002_nrcalong_cal.fits,OUTSIDE_DETECTOR,60791.68710052083,F356W,,,,,
210975,epoch_014,F356W,jw05893001003_03101_00001_nrcalong_cal.fits,mast:JWST/product/jw05893001003_03101_00001_nrcalong_cal.fits,OUTSIDE_DETECTOR,60791.68710052083,F356W,,,,,
210975,epoch_014,F356W,jw05893001003_05101_00002_nrcblong_cal.fits,mast:JWST/product/jw05893001003_05101_00002_nrcblong_cal.fits,COVERED,60791.68710052083,F356W,1017.2669591691997,459.2942269534291,60791.809258912035,NRCBLONG,F356W
210975,epoch_014,F356W,jw05893001003_03101_00001_nrcblong_cal.fits,mast:JWST/product/jw05893001003_03101_00001_nrcblong_cal.fits,COVERED,60791.68710052083,F356W,891.9382409290059,424.364484198073,60791.79770188657,NRCBLONG,F356W
210975,epoch_014,F356W,jw05893001003_05101_00001_nrcblong_cal.fits,mast:JWST/product/jw05893001003_05101_00001_nrcblong_cal.fits,COVERED,60791.68710052083,F356W,638.4876178982414,460.13841674669845,60791.80453670139,NRCBLONG,F356W
210975,epoch_014,F356W,jw05893001003_05101_00001_nrcalong_cal.fits,mast:JWST/product/jw05893001003_05101_00001_nrcalong_cal.fits,OUTSIDE_DETECTOR,60791.68710052083,F356W,,,,,
210975,epoch_014,F356W,jw05893001004_05101_00001_nrcalong_cal.fits,mast:JWST/product/jw05893001004_05101_00001_nrcalong_cal.fits,COVERED,60791.68710052083,F356W,1624.9391900432975,462.32383697317096,60791.85987590278,NRCALONG,F356W
210975,epoch_015,F356W,jw05893026001_05101_00002_nrcblong_cal.fits,mast:JWST/product/jw05893026001_05101_00002_nrcblong_cal.fits,OUTSIDE_DETECTOR,61185.3810153588,F356W,,,,,
210975,epoch_015,F356W,jw05893026001_05101_00002_nrcalong_cal.fits,mast:JWST/product/jw05893026001_05101_00002_nrcalong_cal.fits,COVERED,61185.3810153588,F356W,2002.4898086262613,461.64947237958813,61185.68054469908,NRCALONG,F356W
210975,epoch_015,F356W,jw05893026001_03101_00001_nrcblong_cal.fits,mast:JWST/product/jw05893026001_03101_00001_nrcblong_cal.fits,OUTSIDE_DETECTOR,61185.3810153588,F356W,,,,,
210975,epoch_015,F356W,jw05893026001_03101_00001_nrcalong_cal.fits,mast:JWST/product/jw05893026001_03101_00001_nrcalong_cal.fits,COVERED,61185.3810153588,F356W,1877.5688611019584,426.73657286661546,61185.6692365625,NRCALONG,F356W
210975,epoch_015,F356W,jw05893026001_05101_00001_nrcblong_cal.fits,mast:JWST/product/jw05893026001_05101_00001_nrcblong_cal.fits,OUTSIDE_DETECTOR,61185.3810153588,F356W,,,,,
210975,epoch_015,F356W,jw05893026001_05101_00001_nrcalong_cal.fits,mast:JWST/product/jw05893026001_05101_00001_nrcalong_cal.fits,COVERED,61185.3810153588,F356W,1625.0014376197628,462.28460891841803,61185.67582247685,NRCALONG,F356W
210975,epoch_015,F356W,jw05893025001_05101_00002_nrcalong_cal.fits,mast:JWST/product/jw05893025001_05101_00002_nrcalong_cal.fits,OUTSIDE_DETECTOR,61185.3810153588,F356W,,,,,
210975,epoch_015,F356W,jw05893025001_03101_00001_nrcalong_cal.fits,mast:JWST/product/jw05893025001_03101_00001_nrcalong_cal.fits,OUTSIDE_DETECTOR,61185.3810153588,F356W,,,,,
210975,epoch_015,F356W,jw05893025001_05101_00001_nrcalong_cal.fits,mast:JWST/product/jw05893025001_05101_00001_nrcalong_cal.fits,OUTSIDE_DETECTOR,61185.3810153588,F356W,,,,,
210975,epoch_015,F356W,jw05893025001_03101_00001_nrcblong_cal.fits,mast:JWST/product/jw05893025001_03101_00001_nrcblong_cal.fits,COVERED,61185.3810153588,F356W,892.0303785296691,424.3376207341696,61185.09279563658,NRCBLONG,F356W
210975,epoch_016,F410M,jw06434346001_07201_00001_nrcalong_cal.fits,mast:JWST/product/jw06434346001_07201_00001_nrcalong_cal.fits,OUTSIDE_DETECTOR,60771.20470836806,F410M,,,,,
210975,epoch_016,F410M,jw06434346001_07201_00001_nrcblong_cal.fits,mast:JWST/product/jw06434346001_07201_00001_nrcblong_cal.fits,COVERED,60771.20470836806,F410M,9.614776387736917,1412.045697735831,60771.20470836806,NRCBLONG,F410M
210975,epoch_016,F410M,jw06434346001_07201_00002_nrcblong_cal.fits,mast:JWST/product/jw06434346001_07201_00002_nrcblong_cal.fits,OUTSIDE_DETECTOR,60771.20470836806,F410M,,,,,
210975,epoch_016,F410M,jw06434346001_07201_00002_nrcalong_cal.fits,mast:JWST/product/jw06434346001_07201_00002_nrcalong_cal.fits,OUTSIDE_DETECTOR,60771.20470836806,F410M,,,,,
210975,epoch_017,F444W,jw01727119001_04101_00003_nrcalong_cal.fits,mast:JWST/product/jw01727119001_04101_00003_nrcalong_cal.fits,OUTSIDE_DETECTOR,60041.174357372685,F444W,,,,,
210975,epoch_017,F444W,jw01727119001_04101_00004_nrcalong_cal.fits,mast:JWST/product/jw01727119001_04101_00004_nrcalong_cal.fits,OUTSIDE_DETECTOR,60041.174357372685,F444W,,,,,
210975,epoch_017,F444W,jw01727119001_04101_00002_nrcalong_cal.fits,mast:JWST/product/jw01727119001_04101_00002_nrcalong_cal.fits,OUTSIDE_DETECTOR,60041.174357372685,F444W,,,,,
210975,epoch_017,F444W,jw01727119001_04101_00001_nrcblong_cal.fits,mast:JWST/product/jw01727119001_04101_00001_nrcblong_cal.fits,OUTSIDE_DETECTOR,60041.174357372685,F444W,,,,,
210975,epoch_017,F444W,jw01727119001_04101_00002_nrcblong_cal.fits,mast:JWST/product/jw01727119001_04101_00002_nrcblong_cal.fits,OUTSIDE_DETECTOR,60041.174357372685,F444W,,,,,
210975,epoch_017,F444W,jw01727119001_04101_00004_nrcblong_cal.fits,mast:JWST/product/jw01727119001_04101_00004_nrcblong_cal.fits,OUTSIDE_DETECTOR,60041.174357372685,F444W,,,,,
210975,epoch_017,F444W,jw01727119001_04101_00003_nrcblong_cal.fits,mast:JWST/product/jw01727119001_04101_00003_nrcblong_cal.fits,OUTSIDE_DETECTOR,60041.174357372685,F444W,,,,,
210975,epoch_017,F444W,jw01727119001_04101_00001_nrcalong_cal.fits,mast:JWST/product/jw01727119001_04101_00001_nrcalong_cal.fits,OUTSIDE_DETECTOR,60041.174357372685,F444W,,,,,
210975,epoch_018,F444W,jw01727121001_04101_00002_nrcblong_cal.fits,mast:JWST/product/jw01727121001_04101_00002_nrcblong_cal.fits,OUTSIDE_DETECTOR,60043.73979181713,F444W,,,,,
210975,epoch_018,F444W,jw01727121001_04101_00002_nrcalong_cal.fits,mast:JWST/product/jw01727121001_04101_00002_nrcalong_cal.fits,OUTSIDE_DETECTOR,60043.73979181713,F444W,,,,,
210975,epoch_018,F444W,jw01727121001_04101_00003_nrcblong_cal.fits,mast:JWST/product/jw01727121001_04101_00003_nrcblong_cal.fits,COVERED,60043.73979181713,F444W,719.5082713785943,86.6158650393887,60043.75035476852,NRCBLONG,F444W
210975,epoch_018,F444W,jw01727121001_04101_00001_nrcalong_cal.fits,mast:JWST/product/jw01727121001_04101_00001_nrcalong_cal.fits,OUTSIDE_DETECTOR,60043.73979181713,F444W,,,,,
210975,epoch_018,F444W,jw01727121001_04101_00003_nrcalong_cal.fits,mast:JWST/product/jw01727121001_04101_00003_nrcalong_cal.fits,OUTSIDE_DETECTOR,60043.73979181713,F444W,,,,,
210975,epoch_018,F444W,jw01727121001_04101_00004_nrcblong_cal.fits,mast:JWST/product/jw01727121001_04101_00004_nrcblong_cal.fits,OUTSIDE_DETECTOR,60043.73979181713,F444W,,,,,
210975,epoch_018,F444W,jw01727121001_04101_00004_nrcalong_cal.fits,mast:JWST/product/jw01727121001_04101_00004_nrcalong_cal.fits,OUTSIDE_DETECTOR,60043.73979181713,F444W,,,,,
210975,epoch_018,F444W,jw01727121001_04101_00001_nrcblong_cal.fits,mast:JWST/product/jw01727121001_04101_00001_nrcblong_cal.fits,OUTSIDE_DETECTOR,60043.73979181713,F444W,,,,,
