candidate_id,epoch_label,filter,filename,dataURI,mjd,detector,x_full,y_full,raw_flux,raw_fluxerr,raw_snr_err,empirical_ap_sigma,raw_snr_emp,n_blank_apertures,clean_flux,clean_fluxerr,clean_snr_err,x_2dg,y_2dg,x_com,y_com,sigma_x_pix,sigma_y_pix,n_mc_good,pixel_scale_mas,east_2dg_arcsec_raw_wcs,north_2dg_arcsec_raw_wcs,east_com_arcsec_raw_wcs,north_com_arcsec_raw_wcs,dq_or_r4,dq_center,dq_do_not_use,dq_saturated,dq_jump_det,dq_outlier,epoch_mjd_inventory,filter_inventory
210975,epoch_001,F070W,jw06434346001_07201_00001_nrcb3_cal.fits,mast:JWST/product/jw06434346001_07201_00001_nrcb3_cal.fits,60771.20470836806,NRCB3,92.89688853805846,730.2481471505005,-0.24611736834049225,0.33712148367123507,-0.7300554258965853,0.3754608599580824,-0.6555073899526292,60,-0.24611736834049225,0.33712148367123507,-0.7300554258965853,,,92.49832689501191,199.44533817048827,,,0,31.025227506024926,,,-0.026306495643949605,-0.009107097890302998,0,0,False,False,False,False,60771.20470836806,F070W
210975,epoch_002,F090W,jw06434345001_05201_00001_nrcb3_cal.fits,mast:JWST/product/jw06434345001_05201_00001_nrcb3_cal.fits,60771.17811505787,NRCB3,92.89339356255384,730.1083079984281,0.7011332213878632,0.26202939766106487,2.675780762182949,0.39887339030876756,1.757783894395955,60,0.7011332213878632,0.26202939766106487,2.675780762182949,,,93.02048719309457,199.3394715574166,,,0,31.03031338225928,,,-0.023175315567672328,0.006924518810571362,0,0,False,False,False,False,60771.17811505787,F090W
210975,epoch_003,F115W,jw01727119001_02101_00004_nrcb3_cal.fits,mast:JWST/product/jw01727119001_02101_00004_nrcb3_cal.fits,60041.164912939814,NRCB3,1310.1489338114925,2037.1594835879253,0.6475879997014999,0.360975777863925,1.7939929474869574,0.44177493477165697,1.4658776420536916,60,0.6209199577569962,0.360975777863925,1.7201152981269032,201.4315494608854,194.98617789714805,201.12728656971964,198.57913058245518,0.8107276292282297,0.8541578531712193,24,30.699805466783424,-0.14122460212332197,0.08327379993481984,-0.03800134692432645,0.04265886662271087,0,0,False,False,False,False,60041.150372951386,F115W
210975,epoch_004,F115W,jw01727121001_02101_00004_nrcb4_cal.fits,mast:JWST/product/jw01727121001_02101_00004_nrcb4_cal.fits,60043.73034738426,NRCB4,1536.96977731729,26.04673659132737,0.2933705225586891,0.3305179517658202,0.8876084369739441,0.537615799896419,0.5456880594194069,60,0.13197332620620728,0.27423984087546494,0.4812332365162715,,,200.07551052943433,25.736267067841958,,,0,31.55577375054453,,,-0.00842477028467284,0.006044649404292894,4,0,False,False,True,False,60043.715807395834,F115W
210975,epoch_004,F115W,jw01727121001_02101_00003_nrcb4_cal.fits,mast:JWST/product/jw01727121001_02101_00003_nrcb4_cal.fits,60043.72637108796,NRCB4,1530.541745008344,215.50321512202055,-0.13969409465789795,0.36292004457106786,-0.38491699961902415,0.48914652431085703,-0.28558742159051115,60,-0.12452781200408936,0.36292004457106786,-0.3431274019357838,,,199.64208264347343,201.35345570468903,,,0,31.498304957217975,,,0.05691891206138068,-0.014091642408687927,0,0,False,False,False,False,60043.715807395834,F115W
210975,epoch_005,F115W,jw05893001003_03101_00001_nrcb4_cal.fits,mast:JWST/product/jw05893001003_03101_00001_nrcb4_cal.fits,60791.797701145835,NRCB4,1880.8476001801434,903.4752696920931,0.8521972298622131,0.2561248042104493,3.3272733286776504,0.3245712999746203,2.625608702706771,60,0.7750198543071747,0.2493712372820396,3.1078959336061076,,,199.81211564870813,199.5394004395862,,,0,31.27814311870025,,,-0.027984552222779763,0.009005601617359084,32772,0,False,False,True,False,60791.68710052083,F115W
210975,epoch_005,F115W,jw05893001003_05101_00001_nrcb4_cal.fits,mast:JWST/product/jw05893001003_05101_00001_nrcb4_cal.fits,60791.80453596065,NRCB4,1365.6067397237132,975.8560979962735,0.03639644384384155,0.2710663222850408,0.13427136037050275,0.40487508917748927,0.08989548830426085,60,0.05866330862045288,0.2710663222850408,0.21641680945803832,201.6941660854245,195.3962519466134,200.19360232196985,200.31488136902476,1.231463659007014,0.9650509900239401,18,31.30276500091126,-0.10948518464846843,0.10864562854139719,0.019814913493090773,0.012332713430077172,0,0,False,False,False,False,60791.68710052083,F115W
210975,epoch_005,F115W,jw05893001004_03101_00001_nrca3_cal.fits,mast:JWST/product/jw05893001004_03101_00001_nrca3_cal.fits,60791.853164803244,NRCA3,1662.2441308315745,913.4069600625219,-0.1493481993675232,0.2725386872402668,-0.5479889878381179,0.44566987993419166,-0.3351094747295379,60,-0.13170763850212097,0.2725386872402668,-0.4832621740267249,199.06199143924533,206.04614793284225,200.682851611128,199.42172252104555,0.6914359177580799,0.5995381778523049,12,31.467040735126943,0.15377184082812378,-0.09720746777028676,-0.024351620093995878,0.02382481969346071,5,0,True,False,True,False,60791.68710052083,F115W
210975,epoch_005,F115W,jw05893001004_05101_00001_nrca3_cal.fits,mast:JWST/product/jw05893001004_05101_00001_nrca3_cal.fits,60791.85987590278,NRCA3,1150.259708044269,985.916172072162,-0.45947249233722687,0.24947849685656828,-1.8417318451352929,0.4237621113270521,-1.0842698770268635,60,-0.46940095722675323,0.24947849685656828,-1.881528721477844,196.48476604115092,204.94623082945228,200.0587085958389,200.09798662489578,,,0,31.38510350163893,0.10792374738682839,-0.16598191386572955,0.0032084227168491654,-0.007897744805824475,0,0,False,False,False,False,60791.68710052083,F115W
210975,epoch_006,F115W,jw05893026001_05101_00002_nrca3_cal.fits,mast:JWST/product/jw05893026001_05101_00002_nrca3_cal.fits,61185.68054469908,NRCA3,1915.714394042605,983.9415456441059,0.3859802782535553,0.30318665179938276,1.2730780724111717,0.49553437731564043,0.7789172576571767,60,0.35251155495643616,0.30318665179938276,1.1626882412675987,,,199.5338570293143,200.37416068281155,,,0,31.482693450364778,,,0.010817398576271727,-0.010132648281551122,32772,0,False,False,True,False,61185.3810153588,F115W
210975,epoch_006,F115W,jw05893026001_03101_00001_nrca3_cal.fits,mast:JWST/product/jw05893026001_03101_00001_nrca3_cal.fits,61185.66923581019,NRCA3,1662.3724515426206,913.3608084564524,-0.6050174683332443,0.30289177033344883,-1.9974708050574963,0.26946932615563274,-2.2452183221173563,60,-0.38161231577396393,0.29271587823331485,-1.303695303709464,201.64007964432972,201.42316697741433,199.31531891856417,199.3691600529344,1.7680002647356532,1.6193761208735389,10,31.466816487069547,0.04509604024398676,0.025607085377245483,-0.04072499010220455,-0.02018940119070387,5,0,True,False,True,False,61185.3810153588,F115W
210975,epoch_006,F115W,jw05893026001_05101_00001_nrca3_cal.fits,mast:JWST/product/jw05893026001_05101_00001_nrca3_cal.fits,61185.67582247685,NRCA3,1150.377155176629,985.8453650196236,-0.4812605082988739,0.2865132132823647,-1.6797148822053862,0.40306003881096836,-1.1940169254153743,60,-0.2527371346950531,0.27423950029397093,-0.9215927480327656,203.71701081124388,203.44789605002507,199.9300487176065,199.86346462535428,,,0,31.384882421498297,0.14215225132739895,0.05881151039001835,-0.004263779873011927,-0.01334386433677011,4,0,False,False,True,False,61185.3810153588,F115W
210975,epoch_006,F115W,jw05893025001_03101_00001_nrcb4_cal.fits,mast:JWST/product/jw05893025001_03101_00001_nrcb4_cal.fits,61185.09279563658,NRCB4,1881.0440742769185,903.429636650303,-0.2183227241039276,0.2755538207672921,-0.7923051964803031,0.3059901590019464,-0.7134959007048944,60,-0.054184362292289734,0.2673811630695162,-0.20264839029891715,201.85585359801482,202.2177690729874,198.56276723538068,199.8363546622299,,,0,31.277884502081456,0.07216837653026689,0.03382679791587941,-0.0333910712769398,-0.036987044215643645,32772,0,False,False,True,False,61185.3810153588,F115W
210975,epoch_007,F150W,jw01727119001_04101_00004_nrcb3_cal.fits,mast:JWST/product/jw01727119001_04101_00004_nrcb3_cal.fits,60041.18902106481,NRCB3,1310.1514316690468,2037.1011018135775,-0.4669434428215027,0.2751978952711022,-1.6967551381943113,0.40202253262996673,-1.1614857499823052,60,-0.4809276759624481,0.2751978952711022,-1.7475703274862546,,,199.33690878309835,199.31383525975946,,,0,30.70253022255456,,,-0.03033775154566465,-0.016979016755912565,0,0,False,False,False,False,60041.17435663194,F150W
210975,epoch_008,F150W,jw01727121001_04101_00003_nrcb4_cal.fits,mast:JWST/product/jw01727121001_04101_00003_nrcb4_cal.fits,60043.75035476852,NRCB4,1530.520926886236,215.49007130757897,-0.07769948244094849,0.28208786942261993,-0.2754442528846934,0.3691538985013962,-0.21047991841986363,60,-0.11109286546707153,0.28208786942261993,-0.393823618486174,199.53155692543749,197.6013795778362,199.67340695622184,200.4316120377574,,,0,31.49946083364614,-0.08731403618642711,0.027013109679036595,-0.0003523273951720558,0.005108346225342515,0,0,False,False,False,False,60043.73979181713,F150W
210975,epoch_008,F150W,jw01727121001_04101_00004_nrcb4_cal.fits,mast:JWST/product/jw01727121001_04101_00004_nrcb4_cal.fits,60043.75433106482,NRCB4,1536.951719007615,26.042511429322396,-0.4242345690727234,0.23404471079214928,-1.812621903040903,0.3708951379537582,-1.1438126997653317,60,-0.43159280717372894,0.23404471079214928,-1.8440613578190128,204.6377513890507,21.833451116022076,199.44567857182471,27.504381478975567,1.160782591286512,1.529464626043294,21,31.55773895606199,-0.08406077789249984,0.17955310856400364,0.03963863276656201,-0.028728046415774984,0,0,False,False,False,False,60043.73979181713,F150W
210975,epoch_009,F150W,jw06434344001_03201_00001_nrcb3_cal.fits,mast:JWST/product/jw06434344001_03201_00001_nrcb3_cal.fits,60771.152392118056,NRCB3,92.89188596053071,730.0601251474243,0.291446328163147,0.1998188526580415,1.4585527055443135,0.3785828064590692,0.7698350880989017,60,0.2881958931684494,0.1998188526580415,1.4422857970346337,94.71203995500007,201.97231832765928,93.87022711626868,200.53882064464966,1.2692162164563063,0.714283710724834,10,31.03193311942071,0.06610387761323588,0.04848389373182383,0.018620777497367867,0.028215271404066492,4,0,False,False,True,False,60771.072057384255,F150W
210975,epoch_010,F200W,jw05893001003_02101_00002_nrcb4_cal.fits,mast:JWST/product/jw05893001003_02101_00002_nrcb4_cal.fits,60791.771729328706,NRCB4,1501.6248352750126,1277.3646297207824,-0.07305534183979034,0.1869937157155736,-0.3906834064461878,0.19603323822319507,-0.37266813782167213,60,-0.07305534183979034,0.1869937157155736,-0.3906834064461878,,,199.94160189119526,200.4123011877801,,,0,31.21601404762638,,,0.004770941854381762,0.008763007456842227,1,0,True,False,False,False,60791.65653017361,F200W
210975,epoch_010,F200W,jw05893001003_02101_00001_nrcb4_cal.fits,mast:JWST/product/jw05893001003_02101_00001_nrcb4_cal.fits,60791.76713155093,NRCB4,1465.665509454086,1223.1938985749107,-0.008367352187633514,0.18613016307901192,-0.04495430535931776,0.2783276686772704,-0.03006295503209823,60,-0.008566781878471375,0.18613016307901192,-0.04602575819393008,,,201.39699932884963,199.34359248318887,,,0,31.232388412679995,,,-0.006623221734181212,0.05970971770907592,32768,0,False,False,False,False,60791.65653017361,F200W
210975,epoch_010,F200W,jw05893001003_02101_00006_nrcb4_cal.fits,mast:JWST/product/jw05893001003_02101_00006_nrcb4_cal.fits,60791.79024560185,NRCB4,1879.7112171860085,901.7588213697566,0.23507004976272583,0.179561759313906,1.3091320259999315,0.26139508375748993,0.8992902482466456,60,0.21102656424045563,0.179561759313906,1.1752311018046082,,,199.74369914207975,199.77800418170074,,,0,31.277921812858718,,,0.0009112650829626915,0.0007463096112526265,32772,0,False,False,True,False,60791.65653017361,F200W
210975,epoch_010,F200W,jw05893001003_02101_00004_nrcb4_cal.fits,mast:JWST/product/jw05893001003_02101_00004_nrcb4_cal.fits,60791.78104931713,NRCB4,1690.8727698980733,1089.5507163165807,0.09910131245851517,0.1664431295616136,0.5954064473525177,0.20506325574070214,0.483271915783033,60,0.09663622826337814,0.1664431295616136,0.5805960781793972,203.21823378079446,194.95713475615284,200.12959243113372,199.44532639962094,,,0,31.246454636482625,-0.09962513124384552,0.14693714514463554,-0.0003673985222301518,0.008644417288946125,1,0,True,False,False,False,60791.65653017361,F200W
210975,epoch_011,F200W,jw05893026001_02101_00004_nrca3_cal.fits,mast:JWST/product/jw05893026001_02101_00004_nrca3_cal.fits,61185.65258398148,NRCA3,1479.303561731116,1104.7479312742619,0.30699990689754486,0.1979532852681742,1.550870481798983,0.28228024202585217,1.0875713606247681,60,0.3638480454683304,0.19258224862094633,1.8893124785580897,200.679447074292,202.55798907104128,199.89181053697422,200.44068365930337,1.868467273105372,2.1643702241183433,13,31.39541082936779,0.08690404082485656,-0.019852670043776843,0.01598461546709775,-0.019727319538682387,4,0,False,False,True,False,61185.350382795135,F200W
210975,epoch_011,F200W,jw05893026001_02101_00006_nrca3_cal.fits,mast:JWST/product/jw05893026001_02101_00006_nrca3_cal.fits,61185.66190396991,NRCA3,1665.1898660164072,917.6034985095133,0.2144591212272644,0.21486334973508214,0.9981186716658931,0.22174790248721837,0.9671303260224791,60,0.19861096143722534,0.21486334973508214,0.9243594204507407,202.4415600857618,205.24795656958858,199.08807781610156,198.64818893690514,1.1552624978756114,1.2908973230551404,13,31.46765622655958,0.1910863326692104,0.003931282187808946,-0.04013506647872959,-0.021906623275251672,5,0,True,False,True,False,61185.350382795135,F200W
210975,epoch_011,F200W,jw05893026001_02101_00002_nrca3_cal.fits,mast:JWST/product/jw05893026001_02101_00002_nrca3_cal.fits,61185.64326399306,NRCA3,1292.7767483082782,1292.2695023462184,-0.04428406059741974,0.2034027418162131,-0.2177161438533268,0.23857940334901212,-0.18561560627527282,60,-0.014775663614273071,0.19816931614056305,-0.07456080437696307,,,199.53848797843438,201.03288836123764,,,0,31.326577604264923,,,0.019902835099177847,-0.015342955277584905,5,0,True,False,True,False,61185.350382795135,F200W
210975,epoch_011,F200W,jw05893026001_02101_00005_nrca3_cal.fits,mast:JWST/product/jw05893026001_02101_00005_nrca3_cal.fits,61185.657181759256,NRCA3,1628.860006245893,863.9372320325311,0.03445255756378174,0.2072393679425825,0.16624523567031493,0.24660744488686323,0.13970607245692696,60,0.03445255756378174,0.2072393679425825,0.16624523567031493,195.45125177477155,198.3652035742219,200.34095730019928,199.7644159658526,,,0,31.47708786389721,-0.09411870849394138,-0.11259097662096607,9.354728724098183e-05,0.016088281624651504,0,0,False,False,False,False,61185.350382795135,F200W
210975,epoch_013,F277W,jw01727121001_02101_00003_nrcblong_cal.fits,mast:JWST/product/jw01727121001_02101_00003_nrcblong_cal.fits,60043.72637108796,NRCBLONG,719.4183422493827,86.209217737829,-0.1270015761256218,0.07238621477248008,-1.7544994792835262,0.08280194952785969,-1.5337993471142926,60,-0.07673884183168411,0.06933870562236703,-1.1067244642497331,,,199.77680708915523,86.71598844828095,,,0,64.04958205660719,,,0.019053954350820926,-0.0486016966036613,1099781,0,True,False,True,False,60043.71580813657,F277W
210975,epoch_014,F356W,jw05893001003_05101_00002_nrcblong_cal.fits,mast:JWST/product/jw05893001003_05101_00002_nrcblong_cal.fits,60791.809258912035,NRCBLONG,1017.2669591691997,459.2942269534291,-0.01868969202041626,0.05717309771943478,-0.32689661337106624,0.078553497364372,-0.2379231052402892,60,-0.020108819007873535,0.05717309771943478,-0.3517181998175685,,,199.5319484230691,200.3734249512272,,,0,63.523840464455915,,,-0.011329499101584307,-0.04540604623807691,0,0,False,False,False,False,60791.68710052083,F356W
210975,epoch_014,F356W,jw05893001003_03101_00001_nrcblong_cal.fits,mast:JWST/product/jw05893001003_03101_00001_nrcblong_cal.fits,60791.79770188657,NRCBLONG,891.9382409290059,424.364484198073,0.052972644567489624,0.055246880503618305,0.958835034387512,0.07563516051247715,0.7003706240400057,60,0.03955509513616562,0.055246880503618305,0.7159697484381046,197.20577996268116,194.4827945084844,200.17897993331331,200.15425215145314,0.5342639258836483,1.2241435772191431,15,63.59489175617307,-0.41239911043412036,-0.03396911580204833,-0.007340811356970524,0.018910627350666318,4097,0,True,False,False,False,60791.68710052083,F356W
210975,epoch_014,F356W,jw05893001003_05101_00001_nrcblong_cal.fits,mast:JWST/product/jw05893001003_05101_00001_nrcblong_cal.fits,60791.80453670139,NRCBLONG,638.4876178982414,460.13841674669845,-0.11499594897031784,0.05624986737524107,-2.044377246317463,0.07466617410108446,-1.5401344766190133,60,-0.11564189195632935,0.05624986737524107,-2.0558607042552826,201.37123614135203,199.73534047825922,200.74537570714395,200.52085981620755,0.7580767096798054,1.5160577897956624,11,63.64607511733833,-0.004996929217125057,0.06139526719733442,0.02858184342688005,0.007083751931666566,98305,0,True,False,False,False,60791.68710052083,F356W
210975,epoch_014,F356W,jw05893001004_05101_00001_nrcalong_cal.fits,mast:JWST/product/jw05893001004_05101_00001_nrcalong_cal.fits,60791.85987590278,NRCALONG,1624.9391900432975,462.32383697317096,0.032072171568870544,0.059371072655110976,0.5401986208869616,0.07940744280517101,0.40389377161484424,60,0.06085880100727081,0.05672674926722859,1.0728413278289037,,,199.189581126549,200.61684235818709,,,0,63.62802918247484,,,0.0012638099479250202,-0.05119516769278887,32772,0,False,False,True,False,60791.68710052083,F356W
210975,epoch_015,F356W,jw05893026001_05101_00002_nrcalong_cal.fits,mast:JWST/product/jw05893026001_05101_00002_nrcalong_cal.fits,61185.68054469908,NRCALONG,2002.4898086262613,461.64947237958813,0.10370375961065292,0.07010335255033152,1.4792981482047893,0.09638378736823797,1.0759460946937967,60,0.09473050385713577,0.07010335255033152,1.3512977683788074,,,199.55951918231324,200.05750378764586,,,0,63.84255430502628,,,0.003967948777513541,-0.0647882094158609,32768,0,False,False,False,False,61185.3810153588,F356W
210975,epoch_015,F356W,jw05893026001_03101_00001_nrcalong_cal.fits,mast:JWST/product/jw05893026001_03101_00001_nrcalong_cal.fits,61185.6692365625,NRCALONG,1877.5688611019584,426.73657286661546,0.0386820062994957,0.07082194029035652,0.5461867627589249,0.10164027989208697,0.3805775263563321,60,0.03099672496318817,0.07082194029035652,0.4376712193439982,194.4384305872971,197.67835991016594,200.44760965915577,200.3303120363008,,,0,63.802599722208505,-0.23558007511779486,-0.2605733121203847,0.05478823386659247,0.03922847355410187,32772,0,False,False,True,False,61185.3810153588,F356W
210975,epoch_015,F356W,jw05893026001_05101_00001_nrcalong_cal.fits,mast:JWST/product/jw05893026001_05101_00001_nrcalong_cal.fits,61185.67582247685,NRCALONG,1625.0014376197628,462.28460891841803,0.17243511974811554,0.06897528923363219,2.499955008003599,0.07985695259794592,2.1593000250869943,60,0.17476415634155273,0.06897528923363219,2.533721254137752,202.09357807678705,201.7318129717978,199.54009472184748,200.5703546508808,0.9393950120128625,0.9132975486293988,28,63.62758824548476,0.1320309965527157,0.09267758061146322,0.007088389123142251,-0.033848061524698166,32768,0,False,False,False,False,61185.3810153588,F356W
210975,epoch_015,F356W,jw05893025001_03101_00001_nrcblong_cal.fits,mast:JWST/product/jw05893025001_03101_00001_nrcblong_cal.fits,61185.09279563658,NRCBLONG,892.0303785296691,424.3376207341696,-0.10527882725000381,0.06508047847396772,-1.617671377325775,0.09355558223649858,-1.1253078088260957,60,-0.11030897498130798,0.06508047847396772,-1.6949625689281267,198.45018746839213,199.43768596885351,200.87275306578283,200.44532043573338,1.540359425101561,0.9839434150082352,26,63.59437500582533,-0.08847599945429198,-0.07432644314901554,0.02486606378101525,0.047746697850047766,4101,0,True,False,True,False,61185.3810153588,F356W
210975,epoch_016,F410M,jw06434346001_07201_00001_nrcblong_cal.fits,mast:JWST/product/jw06434346001_07201_00001_nrcblong_cal.fits,60771.20470836806,NRCBLONG,9.614776387736917,1412.045697735831,-0.08200021088123322,0.08349668807351047,-0.9820774065797704,0.12249914260804652,-0.6693941617502139,60,-0.017410457134246826,0.08124222520094909,-0.21430305596852894,,,10.454195855168608,199.7009632663101,,,0,63.17273181311796,,,-0.014808961884545217,0.05537716171962138,4,0,False,False,True,False,60771.20470836806,F410M
210975,epoch_018,F444W,jw01727121001_04101_00003_nrcblong_cal.fits,mast:JWST/product/jw01727121001_04101_00003_nrcblong_cal.fits,60043.75035476852,NRCBLONG,719.5082713785943,86.6158650393887,0.46166321635246277,0.09944074656062776,4.6425960415632295,0.09981943025439977,4.624983484436528,60,,,,199.87104639022087,86.4126222909025,199.7736247395518,87.83815877384163,0.9219416646917941,1.0222027567882062,24,64.05014232491304,-0.005650900458998214,0.025896464190554816,0.080233139196978,-0.00686161789504553,1099783,2,True,True,True,False,60043.73979181713,F444W
